/*Table structure for table `acos` */

DROP TABLE IF EXISTS `acos`;

CREATE TABLE `acos` (
  `id` int(11) NOT NULL AUTO_INCREMENT,
  `parent_id` int(10) DEFAULT NULL,
  `model` varchar(255) DEFAULT NULL,
  `foreign_key` int(10) DEFAULT NULL,
  `alias` varchar(255) DEFAULT NULL,
  `lft` int(10) DEFAULT NULL,
  `rght` int(10) DEFAULT NULL,
  PRIMARY KEY (`id`)
) ENGINE=MyISAM AUTO_INCREMENT=3412 DEFAULT CHARSET=latin1;

/*Data for the table `acos` */

insert  into `acos`(`id`,`parent_id`,`model`,`foreign_key`,`alias`,`lft`,`rght`) values (2993,NULL,NULL,NULL,'controllers',1,804),(3208,2993,NULL,NULL,'App',430,451),(3209,3208,NULL,NULL,'findLocationChildren',431,432),(3210,3208,NULL,NULL,'findLocationParent',433,434),(3211,3208,NULL,NULL,'findTopParent',435,436),(3212,3208,NULL,NULL,'findLevel',437,438),(3213,3208,NULL,NULL,'findLocationFirstChildren',439,440),(3214,3208,NULL,NULL,'getReport',441,442),(3215,3208,NULL,NULL,'sumChildren',443,444),(3216,3208,NULL,NULL,'processItems',445,446),(3217,2993,NULL,NULL,'Pages',452,459),(3218,3217,NULL,NULL,'display',453,454),(3219,3217,NULL,NULL,'updateJSONFile',455,456),(3220,3217,NULL,NULL,'getReports',457,458),(3221,2993,NULL,NULL,'Alerts',460,475),(3222,3221,NULL,NULL,'index',461,462),(3223,3221,NULL,NULL,'view',463,464),(3224,3221,NULL,NULL,'add',465,466),(3225,3221,NULL,NULL,'edit',467,468),(3226,3221,NULL,NULL,'delete',469,470),(3227,3221,NULL,NULL,'triggered',471,472),(3228,2993,NULL,NULL,'Approvals',476,487),(3229,3228,NULL,NULL,'index',477,478),(3230,3228,NULL,NULL,'view',479,480),(3231,3228,NULL,NULL,'add',481,482),(3232,3228,NULL,NULL,'edit',483,484),(3233,3228,NULL,NULL,'delete',485,486),(3234,2993,NULL,NULL,'ApprovalsStats',488,499),(3235,3234,NULL,NULL,'index',489,490),(3236,3234,NULL,NULL,'view',491,492),(3237,3234,NULL,NULL,'add',493,494),(3238,3234,NULL,NULL,'edit',495,496),(3239,3234,NULL,NULL,'delete',497,498),(3240,2993,NULL,NULL,'Items',500,511),(3241,3240,NULL,NULL,'index',501,502),(3242,3240,NULL,NULL,'view',503,504),(3243,3240,NULL,NULL,'add',505,506),(3244,3240,NULL,NULL,'edit',507,508),(3245,3240,NULL,NULL,'delete',509,510),(3246,2993,NULL,NULL,'Locations',512,523),(3247,3246,NULL,NULL,'index',513,514),(3248,3246,NULL,NULL,'view',515,516),(3249,3246,NULL,NULL,'add',517,518),(3250,3246,NULL,NULL,'edit',519,520),(3251,3246,NULL,NULL,'delete',521,522),(3252,2993,NULL,NULL,'Messagereceiveds',524,535),(3253,3252,NULL,NULL,'index',525,526),(3254,3252,NULL,NULL,'view',527,528),(3255,3252,NULL,NULL,'add',529,530),(3256,3252,NULL,NULL,'edit',531,532),(3257,3252,NULL,NULL,'delete',533,534),(3258,2993,NULL,NULL,'Modifiers',536,547),(3259,3258,NULL,NULL,'index',537,538),(3260,3258,NULL,NULL,'view',539,540),(3261,3258,NULL,NULL,'add',541,542),(3262,3258,NULL,NULL,'edit',543,544),(3263,3258,NULL,NULL,'delete',545,546),(3264,2993,NULL,NULL,'Phones',548,559),(3265,3264,NULL,NULL,'index',549,550),(3266,3264,NULL,NULL,'view',551,552),(3267,3264,NULL,NULL,'add',553,554),(3268,3264,NULL,NULL,'edit',555,556),(3269,3264,NULL,NULL,'delete',557,558),(3270,2993,NULL,NULL,'Rawreports',560,571),(3271,3270,NULL,NULL,'index',561,562),(3272,3270,NULL,NULL,'view',563,564),(3273,3270,NULL,NULL,'add',565,566),(3274,3270,NULL,NULL,'edit',567,568),(3275,3270,NULL,NULL,'delete',569,570),(3276,2993,NULL,NULL,'Roles',572,593),(3277,3276,NULL,NULL,'index',573,574),(3278,3276,NULL,NULL,'view',575,576),(3279,3276,NULL,NULL,'add',577,578),(3280,3276,NULL,NULL,'edit',579,580),(3281,3276,NULL,NULL,'delete',581,582),(3282,3276,NULL,NULL,'acl',583,584),(3283,3276,NULL,NULL,'adjustperm',585,586),(3284,3276,NULL,NULL,'cleanupAcl',587,588),(3285,2993,NULL,NULL,'Stats',594,649),(3286,3285,NULL,NULL,'index',595,596),(3287,3285,NULL,NULL,'view',597,598),(3288,3285,NULL,NULL,'add',599,600),(3289,3285,NULL,NULL,'edit',601,602),(3290,3285,NULL,NULL,'delete',603,604),(3291,3285,NULL,NULL,'update_select',605,606),(3292,3285,NULL,NULL,'sitems',607,608),(3293,3285,NULL,NULL,'ichart',609,610),(3294,3285,NULL,NULL,'facility',611,612),(3295,3285,NULL,NULL,'options',613,614),(3296,2993,NULL,NULL,'Users',650,673),(3297,3296,NULL,NULL,'login',651,652),(3298,3296,NULL,NULL,'logout',653,654),(3299,3296,NULL,NULL,'index',655,656),(3300,3296,NULL,NULL,'view',657,658),(3301,3296,NULL,NULL,'add',659,660),(3302,3296,NULL,NULL,'edit',661,662),(3303,3296,NULL,NULL,'delete',663,664),(3304,3296,NULL,NULL,'initDB',665,666),(3305,3296,NULL,NULL,'build_acl',667,668),(3306,3296,NULL,NULL,'changePass',669,670),(3307,3296,NULL,NULL,'resetUsers',671,672),(3308,2993,NULL,NULL,'Views',674,675),(3309,2993,NULL,NULL,'Messagesents',676,687),(3310,3309,NULL,NULL,'index',677,678),(3311,3309,NULL,NULL,'view',679,680),(3312,3309,NULL,NULL,'add',681,682),(3313,3309,NULL,NULL,'edit',683,684),(3314,3309,NULL,NULL,'delete',685,686),(3315,3276,NULL,NULL,'managePermissions',589,590),(3316,3276,NULL,NULL,'allowDenyPermission',591,592),(3317,3285,NULL,NULL,'aggregatedInventory',615,616),(3318,3285,NULL,NULL,'aggregatedChart',617,618),(3319,3285,NULL,NULL,'facilityInventory',619,620),(3320,3221,NULL,NULL,'triggeredAlerts',473,474),(3321,3285,NULL,NULL,'update_facility_select',621,622),(3322,3285,NULL,NULL,'graphTimeline',623,624),(3323,2993,NULL,NULL,'Statuses',688,699),(3325,3323,NULL,NULL,'index',689,690),(3327,3323,NULL,NULL,'view',691,692),(3329,3323,NULL,NULL,'add',693,694),(3331,3323,NULL,NULL,'edit',695,696),(3333,3323,NULL,NULL,'delete',697,698),(3335,2993,NULL,NULL,'Patients',700,711),(3337,3335,NULL,NULL,'index',701,702),(3339,3335,NULL,NULL,'view',703,704),(3341,3335,NULL,NULL,'add',705,706),(3343,3335,NULL,NULL,'edit',707,708),(3345,3335,NULL,NULL,'delete',709,710),(3347,3285,NULL,NULL,'update_patient_select',625,626),(3349,3285,NULL,NULL,'update_sent_to_select',627,628),(3351,3285,NULL,NULL,'patientsWithKits',629,630),(3353,3285,NULL,NULL,'mismatchedDeliveries',631,632),(3355,3285,NULL,NULL,'kitsExpired',633,634),(3357,3285,NULL,NULL,'kitsInTransit',635,636),(3358,3285,NULL,NULL,'store',637,638),(3359,2993,NULL,NULL,'Api',712,715),(3360,3359,NULL,NULL,'getPhone',713,714),(3361,2993,NULL,NULL,'Apis',716,753),(3362,3361,NULL,NULL,'getPhone',717,718),(3363,3361,NULL,NULL,'setReport',719,720),(3364,3361,NULL,NULL,'discardUnit',721,722),(3365,3361,NULL,NULL,'receiveUnit',723,724),(3366,3361,NULL,NULL,'assignToPatient',725,726),(3367,3361,NULL,NULL,'assignToFacility',727,728),(3368,2993,NULL,NULL,'Batches',754,767),(3369,3368,NULL,NULL,'index',755,756),(3370,3368,NULL,NULL,'view',757,758),(3371,3368,NULL,NULL,'add',759,760),(3372,3368,NULL,NULL,'edit',761,762),(3373,3368,NULL,NULL,'delete',763,764),(3374,2993,NULL,NULL,'Units',768,779),(3375,3374,NULL,NULL,'index',769,770),(3376,3374,NULL,NULL,'view',771,772),(3377,3374,NULL,NULL,'add',773,774),(3378,3374,NULL,NULL,'edit',775,776),(3379,3374,NULL,NULL,'delete',777,778),(3380,2993,NULL,NULL,'UnitsItems',780,791),(3381,3380,NULL,NULL,'index',781,782),(3382,3380,NULL,NULL,'view',783,784),(3383,3380,NULL,NULL,'add',785,786),(3384,3380,NULL,NULL,'edit',787,788),(3385,3380,NULL,NULL,'delete',789,790),(3386,2993,NULL,NULL,'UnitsBatches',792,803),(3387,3386,NULL,NULL,'index',793,794),(3388,3386,NULL,NULL,'view',795,796),(3389,3386,NULL,NULL,'add',797,798),(3390,3386,NULL,NULL,'edit',799,800),(3391,3386,NULL,NULL,'delete',801,802),(3392,3361,NULL,NULL,'findPatient',729,730),(3393,3361,NULL,NULL,'findUnit',731,732),(3394,3361,NULL,NULL,'findPhone',733,734),(3395,3361,NULL,NULL,'findFacility',735,736),(3396,3361,NULL,NULL,'createUnit',737,738),(3397,3361,NULL,NULL,'setReceived',739,740),(3398,3361,NULL,NULL,'setSent',741,742),(3399,3361,NULL,NULL,'checkFeedback',743,744),(3400,3368,NULL,NULL,'addAjax',765,766),(3401,3285,NULL,NULL,'assignUnits',639,640),(3402,3285,NULL,NULL,'receiveUnits',641,642),(3403,3285,NULL,NULL,'discardUnits',643,644),(3404,3285,NULL,NULL,'update_units_select',645,646),(3405,3285,NULL,NULL,'drugUsage',647,648),(3406,3361,NULL,NULL,'actionlessUnit',745,746),(3407,3361,NULL,NULL,'assign',747,748),(3408,3361,NULL,NULL,'patientConsent',749,750),(3409,3361,NULL,NULL,'rejectMessage',751,752),(3410,3208,NULL,NULL,'isActionAllowed',447,448),(3411,3208,NULL,NULL,'isPatientWithKit',449,450);

/*Table structure for table `alerts` */

DROP TABLE IF EXISTS `alerts`;

CREATE TABLE `alerts` (
  `id` int(11) NOT NULL DEFAULT '0',
  `location_id` int(11) DEFAULT NULL,
  `unit_id` int(11) DEFAULT NULL,
  `threshold` int(11) DEFAULT NULL,
  `conditions` int(11) DEFAULT NULL,
  `user_id` int(11) DEFAULT NULL,
  `created` datetime DEFAULT NULL
) ENGINE=MyISAM DEFAULT CHARSET=latin1;

/*Data for the table `alerts` */

/*Table structure for table `approvals` */

DROP TABLE IF EXISTS `approvals`;

CREATE TABLE `approvals` (
  `id` int(11) NOT NULL DEFAULT '0',
  `messagereceived_id` int(11) DEFAULT NULL,
  `user_id` int(11) DEFAULT NULL,
  `created` datetime DEFAULT NULL
) ENGINE=InnoDB DEFAULT CHARSET=latin1;

/*Data for the table `approvals` */

/*Table structure for table `approvals_stats` */

DROP TABLE IF EXISTS `approvals_stats`;

CREATE TABLE `approvals_stats` (
  `id` int(11) NOT NULL DEFAULT '0',
  `approval_id` int(11) DEFAULT NULL,
  `stat_id` int(11) DEFAULT NULL
) ENGINE=InnoDB DEFAULT CHARSET=latin1;

/*Data for the table `approvals_stats` */

/*Table structure for table `aros` */

DROP TABLE IF EXISTS `aros`;

CREATE TABLE `aros` (
  `id` int(11) NOT NULL AUTO_INCREMENT,
  `parent_id` int(11) DEFAULT NULL,
  `model` varchar(255) CHARACTER SET utf8 COLLATE utf8_unicode_ci DEFAULT '',
  `foreign_key` int(11) DEFAULT NULL,
  `alias` varchar(255) CHARACTER SET utf8 COLLATE utf8_unicode_ci DEFAULT '',
  `lft` int(11) DEFAULT NULL,
  `rght` int(11) DEFAULT NULL,
  PRIMARY KEY (`id`)
) ENGINE=InnoDB AUTO_INCREMENT=16 DEFAULT CHARSET=latin1;

/*Data for the table `aros` */

insert  into `aros`(`id`,`parent_id`,`model`,`foreign_key`,`alias`,`lft`,`rght`) values (1,NULL,'Role',1,'Admin',1,4),(2,NULL,'Role',2,'Manager',5,8),(3,1,'User',1,'',2,3),(4,NULL,'Role',3,'User',9,16),(5,2,'User',2,'',6,7),(6,4,'User',3,'',10,11),(9,4,'User',5,'',12,13),(10,4,'User',7,'',14,15),(15,NULL,'Role',4,'',17,18);

/*Table structure for table `aros_acos` */

DROP TABLE IF EXISTS `aros_acos`;

CREATE TABLE `aros_acos` (
  `id` int(11) NOT NULL AUTO_INCREMENT,
  `aro_id` int(10) NOT NULL,
  `aco_id` int(10) NOT NULL,
  `_create` varchar(2) NOT NULL DEFAULT '0',
  `_read` varchar(2) NOT NULL DEFAULT '0',
  `_update` varchar(2) NOT NULL DEFAULT '0',
  `_delete` varchar(2) NOT NULL DEFAULT '0',
  PRIMARY KEY (`id`)
) ENGINE=InnoDB AUTO_INCREMENT=1058 DEFAULT CHARSET=latin1;

/*Data for the table `aros_acos` */

insert  into `aros_acos`(`id`,`aro_id`,`aco_id`,`_create`,`_read`,`_update`,`_delete`) values (1,1,3218,'0','0','0','0'),(3,2,3218,'0','0','0','0'),(5,4,3218,'0','0','0','0'),(7,1,3222,'0','0','0','0'),(9,2,3222,'0','0','0','0'),(11,4,3222,'0','0','0','0'),(13,1,3223,'0','0','0','0'),(15,2,3223,'0','0','0','0'),(17,4,3223,'0','0','0','0'),(19,1,3224,'0','0','0','0'),(21,2,3224,'0','0','0','0'),(23,4,3224,'0','0','0','0'),(25,1,3225,'0','0','0','0'),(27,2,3225,'0','0','0','0'),(29,4,3225,'0','0','0','0'),(31,1,3226,'0','0','0','0'),(33,2,3226,'0','0','0','0'),(35,4,3226,'0','0','0','0'),(37,1,3320,'0','0','0','0'),(39,2,3320,'0','0','0','0'),(41,4,3320,'0','0','0','0'),(43,1,3229,'0','0','0','0'),(45,2,3229,'0','0','0','0'),(47,4,3229,'0','0','0','0'),(49,1,3230,'0','0','0','0'),(51,2,3230,'0','0','0','0'),(53,4,3230,'0','0','0','0'),(55,1,3235,'0','0','0','0'),(57,2,3235,'0','0','0','0'),(59,4,3235,'0','0','0','0'),(61,1,3236,'0','0','0','0'),(63,2,3236,'0','0','0','0'),(65,4,3236,'0','0','0','0'),(67,1,3241,'0','0','0','0'),(69,2,3241,'0','0','0','0'),(71,4,3241,'0','0','0','0'),(73,1,3242,'0','0','0','0'),(75,2,3242,'0','0','0','0'),(77,4,3242,'0','0','0','0'),(79,1,3243,'0','0','0','0'),(81,2,3243,'0','0','0','0'),(83,4,3243,'0','0','0','0'),(85,1,3244,'0','0','0','0'),(87,2,3244,'0','0','0','0'),(89,4,3244,'0','0','0','0'),(91,1,3245,'0','0','0','0'),(93,2,3245,'0','0','0','0'),(95,4,3245,'0','0','0','0'),(97,1,3247,'0','0','0','0'),(99,2,3247,'0','0','0','0'),(101,4,3247,'0','0','0','0'),(103,1,3248,'0','0','0','0'),(105,2,3248,'0','0','0','0'),(107,4,3248,'0','0','0','0'),(109,1,3249,'0','0','0','0'),(111,2,3249,'0','0','0','0'),(113,4,3249,'0','0','0','0'),(115,1,3250,'0','0','0','0'),(117,2,3250,'0','0','0','0'),(119,4,3250,'0','0','0','0'),(121,1,3251,'0','0','0','0'),(123,2,3251,'0','0','0','0'),(125,4,3251,'0','0','0','0'),(127,1,3253,'0','0','0','0'),(129,2,3253,'1','1','1','1'),(131,4,3253,'0','0','0','0'),(133,1,3254,'0','0','0','0'),(135,2,3254,'1','1','1','1'),(137,4,3254,'0','0','0','0'),(139,1,3310,'0','0','0','0'),(141,2,3310,'1','1','1','1'),(143,4,3310,'0','0','0','0'),(145,1,3311,'0','0','0','0'),(147,2,3311,'1','1','1','1'),(149,4,3311,'0','0','0','0'),(151,1,3259,'0','0','0','0'),(153,2,3259,'0','0','0','0'),(155,4,3259,'0','0','0','0'),(157,1,3260,'0','0','0','0'),(159,2,3260,'0','0','0','0'),(161,4,3260,'0','0','0','0'),(163,1,3261,'0','0','0','0'),(165,2,3261,'0','0','0','0'),(167,4,3261,'0','0','0','0'),(169,1,3262,'0','0','0','0'),(171,2,3262,'0','0','0','0'),(173,4,3262,'0','0','0','0'),(175,1,3263,'0','0','0','0'),(177,2,3263,'0','0','0','0'),(179,4,3263,'0','0','0','0'),(181,1,3265,'0','0','0','0'),(183,2,3265,'1','1','1','1'),(185,4,3265,'0','0','0','0'),(187,1,3266,'0','0','0','0'),(189,2,3266,'1','1','1','1'),(191,4,3266,'0','0','0','0'),(193,1,3267,'0','0','0','0'),(195,2,3267,'1','1','1','1'),(197,4,3267,'0','0','0','0'),(199,1,3268,'0','0','0','0'),(201,2,3268,'1','1','1','1'),(203,4,3268,'0','0','0','0'),(205,1,3269,'0','0','0','0'),(207,2,3269,'0','0','0','0'),(209,4,3269,'0','0','0','0'),(211,1,3277,'0','0','0','0'),(213,2,3277,'0','0','0','0'),(215,4,3277,'0','0','0','0'),(217,1,3278,'0','0','0','0'),(219,2,3278,'0','0','0','0'),(221,4,3278,'0','0','0','0'),(223,1,3279,'0','0','0','0'),(225,2,3279,'0','0','0','0'),(227,4,3279,'0','0','0','0'),(229,1,3280,'0','0','0','0'),(231,2,3280,'0','0','0','0'),(233,4,3280,'0','0','0','0'),(235,1,3281,'0','0','0','0'),(237,2,3281,'0','0','0','0'),(239,4,3281,'0','0','0','0'),(241,1,3315,'0','0','0','0'),(243,2,3315,'0','0','0','0'),(245,4,3315,'0','0','0','0'),(247,1,3316,'0','0','0','0'),(249,2,3316,'0','0','0','0'),(251,4,3316,'0','0','0','0'),(253,1,3286,'0','0','0','0'),(255,2,3286,'0','0','0','0'),(257,4,3286,'0','0','0','0'),(259,1,3287,'0','0','0','0'),(261,2,3287,'0','0','0','0'),(263,4,3287,'0','0','0','0'),(265,1,3288,'0','0','0','0'),(267,2,3288,'0','0','0','0'),(269,4,3288,'0','0','0','0'),(271,1,3289,'0','0','0','0'),(273,2,3289,'0','0','0','0'),(275,4,3289,'0','0','0','0'),(277,1,3290,'0','0','0','0'),(279,2,3290,'0','0','0','0'),(281,4,3290,'0','0','0','0'),(283,1,3321,'0','0','0','0'),(285,2,3321,'0','0','0','0'),(287,4,3321,'0','0','0','0'),(289,1,3317,'0','0','0','0'),(291,2,3317,'0','0','0','0'),(293,4,3317,'0','0','0','0'),(295,1,3318,'0','0','0','0'),(297,2,3318,'0','0','0','0'),(299,4,3318,'0','0','0','0'),(301,1,3319,'0','0','0','0'),(303,2,3319,'0','0','0','0'),(305,4,3319,'0','0','0','0'),(307,1,3322,'0','0','0','0'),(309,2,3322,'0','0','0','0'),(311,4,3322,'0','0','0','0'),(313,1,3295,'0','0','0','0'),(315,2,3295,'0','0','0','0'),(317,4,3295,'0','0','0','0'),(319,1,3297,'0','0','0','0'),(321,2,3297,'0','0','0','0'),(323,4,3297,'0','0','0','0'),(325,1,3298,'0','0','0','0'),(327,2,3298,'0','0','0','0'),(329,4,3298,'0','0','0','0'),(331,1,3299,'0','0','0','0'),(333,2,3299,'0','0','0','0'),(335,4,3299,'0','0','0','0'),(337,1,3300,'0','0','0','0'),(339,2,3300,'0','0','0','0'),(341,4,3300,'0','0','0','0'),(343,1,3301,'0','0','0','0'),(345,2,3301,'0','0','0','0'),(347,4,3301,'0','0','0','0'),(349,1,3302,'0','0','0','0'),(351,2,3302,'0','0','0','0'),(353,4,3302,'0','0','0','0'),(355,1,3303,'0','0','0','0'),(357,2,3303,'0','0','0','0'),(359,4,3303,'0','0','0','0'),(361,1,3306,'0','0','0','0'),(363,2,3306,'0','0','0','0'),(365,4,3306,'0','0','0','0'),(367,1,3218,'1','1','1','1'),(369,1,3222,'1','1','1','1'),(371,1,3223,'1','1','1','1'),(373,1,3224,'1','1','1','1'),(375,1,3225,'1','1','1','1'),(377,1,3226,'1','1','1','1'),(379,1,3320,'1','1','1','1'),(381,1,3229,'1','1','1','1'),(383,1,3230,'1','1','1','1'),(385,1,3235,'1','1','1','1'),(387,1,3236,'1','1','1','1'),(389,1,3241,'1','1','1','1'),(391,1,3242,'1','1','1','1'),(393,1,3243,'1','1','1','1'),(395,1,3244,'1','1','1','1'),(397,1,3245,'1','1','1','1'),(399,1,3247,'1','1','1','1'),(401,1,3248,'1','1','1','1'),(403,1,3249,'1','1','1','1'),(405,1,3250,'1','1','1','1'),(407,1,3251,'1','1','1','1'),(409,1,3253,'1','1','1','1'),(411,1,3254,'1','1','1','1'),(413,1,3310,'1','1','1','1'),(415,1,3311,'1','1','1','1'),(417,1,3259,'1','1','1','1'),(419,1,3260,'1','1','1','1'),(421,1,3261,'1','1','1','1'),(423,1,3262,'1','1','1','1'),(425,1,3263,'1','1','1','1'),(427,1,3265,'1','1','1','1'),(429,1,3266,'1','1','1','1'),(431,1,3267,'1','1','1','1'),(433,1,3268,'1','1','1','1'),(435,1,3269,'1','1','1','1'),(437,1,3277,'1','1','1','1'),(439,1,3278,'1','1','1','1'),(441,1,3279,'1','1','1','1'),(443,1,3280,'1','1','1','1'),(445,1,3281,'1','1','1','1'),(447,1,3315,'1','1','1','1'),(449,1,3316,'1','1','1','1'),(451,1,3286,'1','1','1','1'),(453,1,3287,'1','1','1','1'),(455,1,3288,'1','1','1','1'),(457,1,3289,'1','1','1','1'),(459,1,3290,'1','1','1','1'),(461,1,3321,'1','1','1','1'),(463,1,3317,'1','1','1','1'),(465,1,3318,'1','1','1','1'),(467,1,3319,'1','1','1','1'),(469,1,3322,'1','1','1','1'),(471,1,3295,'1','1','1','1'),(473,1,3297,'1','1','1','1'),(475,1,3298,'1','1','1','1'),(477,1,3299,'1','1','1','1'),(479,1,3300,'1','1','1','1'),(481,1,3301,'1','1','1','1'),(483,1,3302,'1','1','1','1'),(485,1,3303,'1','1','1','1'),(487,1,3306,'1','1','1','1'),(489,2,3218,'1','1','1','1'),(491,4,3218,'1','1','1','1'),(493,2,3286,'1','1','1','1'),(495,2,3287,'1','1','1','1'),(497,2,3288,'1','1','1','1'),(499,2,3289,'1','1','1','1'),(501,2,3290,'1','1','1','1'),(503,2,3321,'1','1','1','1'),(505,2,3317,'1','1','1','1'),(507,2,3318,'1','1','1','1'),(509,2,3319,'1','1','1','1'),(511,2,3322,'1','1','1','1'),(513,2,3295,'1','1','1','1'),(515,2,3316,'1','1','1','1'),(517,2,3315,'1','1','1','1'),(519,2,3277,'1','1','1','1'),(521,2,3297,'1','1','1','1'),(523,4,3297,'1','1','1','1'),(525,2,3298,'1','1','1','1'),(527,4,3306,'1','1','1','1'),(529,2,3306,'1','1','1','1'),(531,2,3299,'1','1','1','1'),(533,2,3300,'1','1','1','1'),(535,2,3301,'1','1','1','1'),(537,2,3302,'1','1','1','1'),(539,4,3241,'1','1','1','1'),(541,2,3241,'1','1','1','1'),(543,4,3242,'1','1','1','1'),(545,2,3242,'1','1','1','1'),(547,4,3241,'0','0','0','0'),(549,2,3247,'1','1','1','1'),(551,2,3249,'1','1','1','1'),(553,4,3248,'1','1','1','1'),(555,2,3248,'1','1','1','1'),(557,2,3250,'1','1','1','1'),(559,1,3286,'0','0','0','0'),(561,1,3287,'0','0','0','0'),(563,1,3288,'0','0','0','0'),(565,1,3289,'0','0','0','0'),(567,1,3290,'0','0','0','0'),(569,1,3321,'0','0','0','0'),(571,1,3317,'0','0','0','0'),(573,1,3318,'0','0','0','0'),(575,1,3319,'0','0','0','0'),(577,1,3322,'0','0','0','0'),(579,1,3295,'0','0','0','0'),(581,1,3286,'1','1','1','1'),(583,1,3287,'1','1','1','1'),(585,1,3288,'1','1','1','1'),(587,1,3289,'1','1','1','1'),(589,1,3290,'1','1','1','1'),(591,1,3321,'1','1','1','1'),(593,1,3317,'1','1','1','1'),(595,1,3318,'1','1','1','1'),(597,1,3319,'1','1','1','1'),(599,1,3322,'1','1','1','1'),(601,1,3295,'1','1','1','1'),(603,4,3318,'1','1','1','1'),(605,4,3322,'1','1','1','1'),(607,4,3321,'1','1','1','1'),(609,4,3319,'1','1','1','1'),(611,4,3317,'1','1','1','1'),(613,4,3298,'1','1','1','1'),(615,1,3297,'0','0','0','0'),(617,1,3297,'1','1','1','1'),(619,1,3298,'0','0','0','0'),(621,1,3298,'1','1','1','1'),(623,1,3297,'0','0','0','0'),(625,1,3298,'0','0','0','0'),(627,1,3299,'0','0','0','0'),(629,1,3300,'0','0','0','0'),(631,1,3301,'0','0','0','0'),(633,1,3302,'0','0','0','0'),(635,1,3303,'0','0','0','0'),(637,1,3306,'0','0','0','0'),(639,1,3297,'1','1','1','1'),(641,1,3298,'1','1','1','1'),(643,1,3299,'1','1','1','1'),(645,1,3300,'1','1','1','1'),(647,1,3301,'1','1','1','1'),(649,1,3302,'1','1','1','1'),(651,1,3303,'1','1','1','1'),(653,1,3306,'1','1','1','1'),(655,1,3286,'0','0','0','0'),(657,1,3287,'0','0','0','0'),(659,1,3288,'0','0','0','0'),(661,1,3289,'0','0','0','0'),(663,1,3290,'0','0','0','0'),(665,1,3321,'0','0','0','0'),(667,1,3317,'0','0','0','0'),(669,1,3318,'0','0','0','0'),(671,1,3319,'0','0','0','0'),(673,1,3322,'0','0','0','0'),(675,1,3295,'0','0','0','0'),(677,1,3286,'1','1','1','1'),(679,1,3287,'1','1','1','1'),(681,1,3288,'1','1','1','1'),(683,1,3289,'1','1','1','1'),(685,1,3290,'1','1','1','1'),(687,1,3321,'1','1','1','1'),(689,1,3317,'1','1','1','1'),(691,1,3318,'1','1','1','1'),(693,1,3319,'1','1','1','1'),(695,1,3322,'1','1','1','1'),(697,1,3295,'1','1','1','1'),(699,1,3325,'0','0','0','0'),(701,2,3325,'0','0','0','0'),(703,4,3325,'0','0','0','0'),(705,1,3327,'0','0','0','0'),(707,2,3327,'0','0','0','0'),(709,4,3327,'0','0','0','0'),(711,1,3329,'0','0','0','0'),(713,2,3329,'0','0','0','0'),(715,4,3329,'0','0','0','0'),(717,1,3331,'0','0','0','0'),(719,2,3331,'0','0','0','0'),(721,4,3331,'0','0','0','0'),(723,1,3333,'0','0','0','0'),(725,2,3333,'0','0','0','0'),(727,4,3333,'0','0','0','0'),(729,1,3337,'1','1','1','1'),(731,2,3337,'1','1','1','1'),(733,4,3337,'0','0','0','0'),(735,1,3339,'1','1','1','1'),(737,2,3339,'1','1','1','1'),(739,4,3339,'1','1','1','1'),(741,1,3341,'1','1','1','1'),(743,2,3341,'1','1','1','1'),(745,4,3341,'0','0','0','0'),(747,1,3343,'1','1','1','1'),(749,2,3343,'1','1','1','1'),(751,4,3343,'0','0','0','0'),(753,1,3345,'1','1','1','1'),(755,2,3345,'0','0','0','0'),(757,4,3345,'0','0','0','0'),(759,1,3347,'1','1','1','1'),(761,2,3347,'1','1','1','1'),(763,4,3347,'1','1','1','1'),(765,1,3349,'1','1','1','1'),(767,2,3349,'1','1','1','1'),(769,4,3349,'1','1','1','1'),(771,1,3351,'1','1','1','1'),(773,2,3351,'1','1','1','1'),(775,4,3351,'1','1','1','1'),(777,1,3353,'1','1','1','1'),(779,2,3353,'1','1','1','1'),(781,4,3353,'1','1','1','1'),(783,1,3355,'1','1','1','1'),(785,2,3355,'1','1','1','1'),(787,4,3355,'1','1','1','1'),(789,1,3357,'1','1','1','1'),(791,2,3357,'1','1','1','1'),(793,4,3357,'1','1','1','1'),(794,1,3358,'1','1','1','1'),(795,2,3358,'0','0','0','0'),(796,4,3358,'0','0','0','0'),(797,1,3360,'1','1','1','1'),(798,2,3360,'0','0','0','0'),(799,4,3360,'0','0','0','0'),(800,1,3362,'1','1','1','1'),(801,2,3362,'0','0','0','0'),(802,4,3362,'0','0','0','0'),(803,1,3363,'1','1','1','1'),(804,2,3363,'0','0','0','0'),(805,4,3363,'0','0','0','0'),(806,1,3364,'1','1','1','1'),(807,2,3364,'0','0','0','0'),(808,4,3364,'0','0','0','0'),(809,1,3365,'1','1','1','1'),(810,2,3365,'0','0','0','0'),(811,4,3365,'0','0','0','0'),(812,1,3366,'1','1','1','1'),(813,2,3366,'0','0','0','0'),(814,4,3366,'0','0','0','0'),(815,1,3367,'1','1','1','1'),(816,2,3367,'0','0','0','0'),(817,4,3367,'0','0','0','0'),(818,1,3369,'1','1','1','1'),(819,2,3369,'1','1','1','1'),(820,4,3369,'0','0','0','0'),(821,1,3370,'1','1','1','1'),(822,2,3370,'1','1','1','1'),(823,4,3370,'1','1','1','1'),(824,1,3371,'1','1','1','1'),(825,2,3371,'1','1','1','1'),(826,4,3371,'0','0','0','0'),(827,1,3372,'1','1','1','1'),(828,2,3372,'1','1','1','1'),(829,4,3372,'0','0','0','0'),(830,1,3373,'1','1','1','1'),(831,2,3373,'0','0','0','0'),(832,4,3373,'0','0','0','0'),(833,1,3375,'1','1','1','1'),(834,2,3375,'1','1','1','1'),(835,4,3375,'0','0','0','0'),(836,1,3376,'1','1','1','1'),(837,2,3376,'1','1','1','1'),(838,4,3376,'1','1','1','1'),(839,1,3377,'1','1','1','1'),(840,2,3377,'1','1','1','1'),(841,4,3377,'0','0','0','0'),(842,1,3378,'1','1','1','1'),(843,2,3378,'1','1','1','1'),(844,4,3378,'0','0','0','0'),(845,1,3379,'1','1','1','1'),(846,2,3379,'1','1','1','1'),(847,4,3379,'0','0','0','0'),(848,1,3381,'1','1','1','1'),(849,2,3381,'0','0','0','0'),(850,4,3381,'0','0','0','0'),(851,1,3382,'1','1','1','1'),(852,2,3382,'0','0','0','0'),(853,4,3382,'0','0','0','0'),(854,1,3383,'1','1','1','1'),(855,2,3383,'0','0','0','0'),(856,4,3383,'0','0','0','0'),(857,1,3384,'1','1','1','1'),(858,2,3384,'0','0','0','0'),(859,4,3384,'0','0','0','0'),(860,1,3385,'1','1','1','1'),(861,2,3385,'0','0','0','0'),(862,4,3385,'0','0','0','0'),(863,1,3387,'1','1','1','1'),(864,2,3387,'0','0','0','0'),(865,4,3387,'0','0','0','0'),(866,1,3388,'1','1','1','1'),(867,2,3388,'0','0','0','0'),(868,4,3388,'0','0','0','0'),(869,1,3389,'1','1','1','1'),(870,2,3389,'0','0','0','0'),(871,4,3389,'0','0','0','0'),(872,1,3390,'1','1','1','1'),(873,2,3390,'0','0','0','0'),(874,4,3390,'0','0','0','0'),(875,1,3391,'1','1','1','1'),(876,2,3391,'0','0','0','0'),(877,4,3391,'0','0','0','0'),(878,1,3392,'1','1','1','1'),(879,2,3392,'0','0','0','0'),(880,4,3392,'0','0','0','0'),(881,1,3393,'1','1','1','1'),(882,2,3393,'0','0','0','0'),(883,4,3393,'0','0','0','0'),(884,1,3394,'1','1','1','1'),(885,2,3394,'0','0','0','0'),(886,4,3394,'0','0','0','0'),(887,1,3395,'1','1','1','1'),(888,2,3395,'0','0','0','0'),(889,4,3395,'0','0','0','0'),(890,1,3396,'1','1','1','1'),(891,2,3396,'0','0','0','0'),(892,4,3396,'0','0','0','0'),(893,1,3397,'1','1','1','1'),(894,2,3397,'0','0','0','0'),(895,4,3397,'0','0','0','0'),(896,1,3398,'1','1','1','1'),(897,2,3398,'0','0','0','0'),(898,4,3398,'0','0','0','0'),(899,1,3399,'1','1','1','1'),(900,2,3399,'0','0','0','0'),(901,4,3399,'0','0','0','0'),(902,1,3400,'1','1','1','1'),(903,2,3400,'1','1','1','1'),(904,4,3400,'0','0','0','0'),(905,1,3401,'1','1','1','1'),(906,2,3401,'1','1','1','1'),(907,4,3401,'1','1','1','1'),(908,1,3402,'1','1','1','1'),(909,2,3402,'1','1','1','1'),(910,4,3402,'1','1','1','1'),(911,1,3403,'1','1','1','1'),(912,2,3403,'1','1','1','1'),(913,4,3403,'1','1','1','1'),(914,1,3404,'1','1','1','1'),(915,2,3404,'1','1','1','1'),(916,4,3404,'1','1','1','1'),(917,15,3218,'0','0','0','0'),(918,15,3222,'0','0','0','0'),(919,15,3223,'0','0','0','0'),(920,15,3224,'0','0','0','0'),(921,15,3225,'0','0','0','0'),(922,15,3226,'0','0','0','0'),(923,15,3320,'0','0','0','0'),(924,15,3394,'0','0','0','0'),(925,15,3364,'1','1','1','1'),(926,15,3365,'1','1','1','1'),(927,15,3366,'1','1','1','1'),(928,15,3367,'1','1','1','1'),(929,15,3392,'0','0','0','0'),(930,15,3393,'0','0','0','0'),(931,15,3395,'0','0','0','0'),(932,15,3396,'1','1','1','1'),(933,15,3397,'0','0','0','0'),(934,15,3398,'0','0','0','0'),(935,15,3399,'0','0','0','0'),(936,15,3229,'0','0','0','0'),(937,15,3230,'0','0','0','0'),(938,15,3235,'0','0','0','0'),(939,15,3236,'0','0','0','0'),(940,15,3369,'0','0','0','0'),(941,15,3370,'0','0','0','0'),(942,15,3371,'0','0','0','0'),(943,15,3400,'0','0','0','0'),(944,15,3372,'0','0','0','0'),(945,15,3373,'0','0','0','0'),(946,15,3241,'0','0','0','0'),(947,15,3242,'0','0','0','0'),(948,15,3243,'0','0','0','0'),(949,15,3244,'0','0','0','0'),(950,15,3245,'0','0','0','0'),(951,15,3247,'0','0','0','0'),(952,15,3248,'0','0','0','0'),(953,15,3249,'0','0','0','0'),(954,15,3250,'0','0','0','0'),(955,15,3251,'0','0','0','0'),(956,15,3253,'0','0','0','0'),(957,15,3254,'0','0','0','0'),(958,15,3310,'0','0','0','0'),(959,15,3311,'0','0','0','0'),(960,15,3259,'0','0','0','0'),(961,15,3260,'0','0','0','0'),(962,15,3261,'0','0','0','0'),(963,15,3262,'0','0','0','0'),(964,15,3263,'0','0','0','0'),(965,15,3337,'0','0','0','0'),(966,15,3339,'0','0','0','0'),(967,15,3341,'0','0','0','0'),(968,15,3343,'0','0','0','0'),(969,15,3345,'0','0','0','0'),(970,15,3265,'0','0','0','0'),(971,15,3266,'0','0','0','0'),(972,15,3267,'0','0','0','0'),(973,15,3268,'0','0','0','0'),(974,15,3269,'0','0','0','0'),(975,15,3277,'0','0','0','0'),(976,15,3278,'0','0','0','0'),(977,15,3279,'0','0','0','0'),(978,15,3280,'0','0','0','0'),(979,15,3281,'0','0','0','0'),(980,15,3315,'0','0','0','0'),(981,15,3316,'0','0','0','0'),(982,15,3286,'0','0','0','0'),(983,15,3287,'0','0','0','0'),(984,15,3401,'0','0','0','0'),(985,15,3402,'0','0','0','0'),(986,15,3403,'0','0','0','0'),(987,15,3289,'0','0','0','0'),(988,15,3290,'0','0','0','0'),(989,15,3404,'0','0','0','0'),(990,15,3321,'0','0','0','0'),(991,15,3347,'0','0','0','0'),(992,15,3349,'0','0','0','0'),(993,15,3317,'0','0','0','0'),(994,15,3318,'0','0','0','0'),(995,15,3319,'0','0','0','0'),(996,15,3322,'0','0','0','0'),(997,15,3353,'0','0','0','0'),(998,15,3357,'0','0','0','0'),(999,15,3355,'0','0','0','0'),(1000,15,3351,'0','0','0','0'),(1001,15,3295,'0','0','0','0'),(1002,15,3325,'0','0','0','0'),(1003,15,3327,'0','0','0','0'),(1004,15,3329,'0','0','0','0'),(1005,15,3331,'0','0','0','0'),(1006,15,3333,'0','0','0','0'),(1007,15,3387,'0','0','0','0'),(1008,15,3388,'0','0','0','0'),(1009,15,3389,'0','0','0','0'),(1010,15,3390,'0','0','0','0'),(1011,15,3391,'0','0','0','0'),(1012,15,3375,'0','0','0','0'),(1013,15,3376,'0','0','0','0'),(1014,15,3377,'0','0','0','0'),(1015,15,3378,'0','0','0','0'),(1016,15,3379,'0','0','0','0'),(1017,15,3381,'0','0','0','0'),(1018,15,3382,'0','0','0','0'),(1019,15,3383,'0','0','0','0'),(1020,15,3384,'0','0','0','0'),(1021,15,3385,'0','0','0','0'),(1022,15,3297,'1','1','1','1'),(1023,15,3298,'1','1','1','1'),(1024,15,3299,'0','0','0','0'),(1025,15,3300,'0','0','0','0'),(1026,15,3301,'0','0','0','0'),(1027,15,3302,'0','0','0','0'),(1028,15,3303,'0','0','0','0'),(1029,15,3306,'0','0','0','0'),(1030,1,3405,'1','1','1','1'),(1031,15,3405,'0','0','0','0'),(1032,2,3405,'1','1','1','1'),(1033,4,3405,'1','1','1','1'),(1034,1,3406,'1','1','1','1'),(1035,15,3406,'1','1','1','1'),(1036,2,3406,'0','0','0','0'),(1037,4,3406,'0','0','0','0'),(1038,1,3407,'1','1','1','1'),(1039,15,3407,'1','1','1','1'),(1040,2,3407,'0','0','0','0'),(1041,4,3407,'0','0','0','0'),(1042,1,3408,'1','1','1','1'),(1043,15,3408,'1','1','1','1'),(1044,2,3408,'0','0','0','0'),(1045,4,3408,'0','0','0','0'),(1046,1,3409,'1','1','1','1'),(1047,15,3409,'1','1','1','1'),(1048,2,3409,'0','0','0','0'),(1049,4,3409,'0','0','0','0'),(1050,1,3410,'0','0','0','0'),(1051,15,3410,'0','0','0','0'),(1052,2,3410,'0','0','0','0'),(1053,4,3410,'0','0','0','0'),(1054,1,3411,'0','0','0','0'),(1055,15,3411,'0','0','0','0'),(1056,2,3411,'0','0','0','0'),(1057,4,3411,'0','0','0','0');

/*Table structure for table `batches` */

DROP TABLE IF EXISTS `batches`;

CREATE TABLE `batches` (
  `id` int(11) NOT NULL AUTO_INCREMENT,
  `expire_date` datetime DEFAULT NULL,
  `batch_number` varchar(16) DEFAULT NULL,
  PRIMARY KEY (`id`)
) ENGINE=InnoDB AUTO_INCREMENT=35 DEFAULT CHARSET=latin1;

/*Data for the table `batches` */

/*Table structure for table `drugs` */

DROP TABLE IF EXISTS `drugs`;

CREATE TABLE `drugs` (
  `id` int(11) NOT NULL AUTO_INCREMENT,
  `name` varchar(40) NOT NULL,
  `code` varchar(3) NOT NULL,
  `presentation` varchar(20) NOT NULL,
  PRIMARY KEY (`id`)
) ENGINE=InnoDB AUTO_INCREMENT=7 DEFAULT CHARSET=latin1;

/*Data for the table `drugs` */

/*Table structure for table `drugs_kittypes` */

DROP TABLE IF EXISTS `drugs_kittypes`;

CREATE TABLE `drugs_kittypes` (
  `id` int(11) NOT NULL AUTO_INCREMENT,
  `drug_id` int(11) DEFAULT NULL,
  `kittype_id` int(11) DEFAULT NULL,
  `quantity` int(11) DEFAULT NULL,
  PRIMARY KEY (`id`)
) ENGINE=InnoDB AUTO_INCREMENT=3 DEFAULT CHARSET=latin1;

/*Data for the table `drugs_kittypes` */

/*Table structure for table `drugs_treatments` */

DROP TABLE IF EXISTS `drugs_treatments`;

CREATE TABLE `drugs_treatments` (
  `id` int(11) NOT NULL AUTO_INCREMENT,
  `drug_id` int(11) NOT NULL,
  `treatment_id` int(11) NOT NULL,
  `quantity` int(11) NOT NULL,
  PRIMARY KEY (`id`)
) ENGINE=InnoDB AUTO_INCREMENT=74 DEFAULT CHARSET=latin1;

/*Data for the table `drugs_treatments` */

/*Table structure for table `groups` */

DROP TABLE IF EXISTS `groups`;

CREATE TABLE `groups` (
  `id` int(11) NOT NULL AUTO_INCREMENT,
  `name` varchar(100) NOT NULL,
  `created` datetime DEFAULT NULL,
  `modified` datetime DEFAULT NULL,
  PRIMARY KEY (`id`)
) ENGINE=InnoDB AUTO_INCREMENT=11 DEFAULT CHARSET=latin1;

/*Data for the table `groups` */

insert  into `groups`(`id`,`name`,`created`,`modified`) values (8,'administrators','2010-08-29 23:47:59','2010-08-30 14:48:47'),(9,'moderators','2010-08-29 23:48:10','2010-08-30 14:48:54'),(10,'users','2010-08-29 23:48:18','2010-08-30 14:49:02');

/*Table structure for table `items` */

DROP TABLE IF EXISTS `items`;

CREATE TABLE `items` (
  `id` int(11) NOT NULL DEFAULT '0',
  `code` varchar(10) DEFAULT NULL,
  `name` varchar(40) DEFAULT NULL,
  `category` varchar(40) DEFAULT NULL,
  `units` varchar(40) DEFAULT NULL,
  `modifier_id` int(11) DEFAULT NULL,
  `presentation` varchar(20) NOT NULL
) ENGINE=InnoDB DEFAULT CHARSET=latin1;

/*Data for the table `items` */

/*Table structure for table `kits` */

DROP TABLE IF EXISTS `kits`;

CREATE TABLE `kits` (
  `id` int(11) NOT NULL AUTO_INCREMENT,
  `code` varchar(6) DEFAULT NULL,
  `kittype_id` int(11) DEFAULT NULL,
  `created` datetime DEFAULT NULL,
  PRIMARY KEY (`id`),
  UNIQUE KEY `code` (`code`),
  UNIQUE KEY `code_2` (`code`)
) ENGINE=InnoDB AUTO_INCREMENT=54 DEFAULT CHARSET=latin1;

/*Data for the table `kits` */

/*Table structure for table `kittypes` */

DROP TABLE IF EXISTS `kittypes`;

CREATE TABLE `kittypes` (
  `id` int(11) NOT NULL AUTO_INCREMENT,
  `code` varchar(30) DEFAULT NULL,
  PRIMARY KEY (`id`)
) ENGINE=InnoDB AUTO_INCREMENT=2 DEFAULT CHARSET=latin1;

/*Data for the table `kittypes` */

/*Table structure for table `levels` */

DROP TABLE IF EXISTS `levels`;

CREATE TABLE `levels` (
  `id` int(11) NOT NULL AUTO_INCREMENT,
  `name` varchar(35) DEFAULT NULL,
  PRIMARY KEY (`id`)
) ENGINE=InnoDB AUTO_INCREMENT=41 DEFAULT CHARSET=latin1;

/*Data for the table `levels` */

insert  into `levels`(`id`,`name`) values (10,'NCC'),(20,'CH'),(30,'PHC'),(40,'RH');

/*Table structure for table `locations` */

DROP TABLE IF EXISTS `locations`;

CREATE TABLE `locations` (
  `id` int(11) NOT NULL AUTO_INCREMENT,
  `name` varchar(70) NOT NULL,
  `shortname` varchar(7) NOT NULL,
  `locationLatitude` varchar(13) NOT NULL,
  `locationLongitude` varchar(13) NOT NULL,
  `deleted` int(1) DEFAULT '0',
  `level_id` int(11) DEFAULT NULL,
  `parent_id` int(11) DEFAULT '0',
  PRIMARY KEY (`id`)
) ENGINE=InnoDB AUTO_INCREMENT=18 DEFAULT CHARSET=latin1;

/*Data for the table `locations` */

insert  into `locations`(`id`,`name`,`shortname`,`locationLatitude`,`locationLongitude`,`deleted`,`level_id`,`parent_id`) values (1,'Clinic 32','C032','43.31666','-2.666667',0,40,9),(3,'Cluster Hospital 2','H002','41.38333','2.183333',0,20,11),(5,'Clinic 12','C012','37.178056','-3.600833',0,30,14),(6,'Clinic 33','C033','42.880447','-8.546303',0,30,9),(9,'Cluster Hospital 3','H003','43.256944','-2.923611',0,30,11),(10,'Clinic 11','C011','36.719444','-4.42',0,40,14),(11,'National Coordination Center','N001','40.383333','-3.716667',0,10,0),(14,'Cluster Hospital 1','H001','39.466667','-0.383333',0,NULL,11),(15,'Santo Tome','STM','-28.530','-56.058',1,NULL,1),(16,'Clinic 21','C021','36.833333','-2.45',0,NULL,3),(17,'Clinic 31','C031','43.321389','-1.985556',0,NULL,9);

/*Table structure for table `messagereceiveds` */

DROP TABLE IF EXISTS `messagereceiveds`;

CREATE TABLE `messagereceiveds` (
  `id` int(11) NOT NULL AUTO_INCREMENT,
  `phone_id` int(11) DEFAULT NULL,
  `created` datetime DEFAULT NULL,
  `rawmessage` varchar(160) DEFAULT NULL,
  PRIMARY KEY (`id`)
) ENGINE=InnoDB AUTO_INCREMENT=2166 DEFAULT CHARSET=latin1;

/*Data for the table `messagereceiveds` */

/*Table structure for table `messagesents` */

DROP TABLE IF EXISTS `messagesents`;

CREATE TABLE `messagesents` (
  `id` int(11) NOT NULL AUTO_INCREMENT,
  `messagereceived_id` int(11) DEFAULT NULL,
  `phone_id` int(11) DEFAULT NULL,
  `created` datetime DEFAULT NULL,
  `rawmessage` varchar(160) DEFAULT NULL,
  PRIMARY KEY (`id`)
) ENGINE=InnoDB AUTO_INCREMENT=1580 DEFAULT CHARSET=latin1;

/*Data for the table `messagesents` */

/*Table structure for table `patients` */

DROP TABLE IF EXISTS `patients`;

CREATE TABLE `patients` (
  `id` int(11) NOT NULL AUTO_INCREMENT,
  `number` varchar(35) DEFAULT NULL,
  `created` datetime DEFAULT NULL,
  `consent` int(1) DEFAULT NULL,
  `location_id` int(11) DEFAULT NULL,
  PRIMARY KEY (`id`),
  UNIQUE KEY `pateintnumberuniq` (`number`)
) ENGINE=InnoDB AUTO_INCREMENT=30 DEFAULT CHARSET=latin1;

/*Data for the table `patients` */

/*Table structure for table `phones` */

DROP TABLE IF EXISTS `phones`;

CREATE TABLE `phones` (
  `id` int(11) NOT NULL AUTO_INCREMENT,
  `phonenumber` varchar(12) DEFAULT NULL,
  `active` int(1) NOT NULL,
  `location_id` int(11) DEFAULT NULL,
  `name` varchar(30) NOT NULL,
  `deleted` int(1) DEFAULT '0',
  PRIMARY KEY (`id`)
) ENGINE=InnoDB AUTO_INCREMENT=66 DEFAULT CHARSET=latin1;

/*Data for the table `phones` */

insert  into `phones`(`id`,`phonenumber`,`active`,`location_id`,`name`,`deleted`) values (65,'+12025551234',0,11,'System Administrator',0);

/*Table structure for table `quantities` */

DROP TABLE IF EXISTS `quantities`;

CREATE TABLE `quantities` (
  `id` int(11) NOT NULL AUTO_INCREMENT,
  `location_id` int(11) DEFAULT NULL,
  `item_id` int(11) DEFAULT NULL,
  `quantity` int(11) DEFAULT NULL,
  PRIMARY KEY (`id`)
) ENGINE=InnoDB AUTO_INCREMENT=9 DEFAULT CHARSET=latin1;

/*Data for the table `quantities` */

/*Table structure for table `rawreports` */

DROP TABLE IF EXISTS `rawreports`;

CREATE TABLE `rawreports` (
  `id` int(11) NOT NULL AUTO_INCREMENT,
  `raw_message` varchar(160) NOT NULL,
  `message_code` varchar(90) NOT NULL,
  `created` datetime NOT NULL,
  `phone_id` int(11) DEFAULT NULL,
  PRIMARY KEY (`id`)
) ENGINE=InnoDB AUTO_INCREMENT=3907 DEFAULT CHARSET=latin1;

/*Data for the table `rawreports` */

/*Table structure for table `rest_logs` */

DROP TABLE IF EXISTS `rest_logs`;

CREATE TABLE `rest_logs` (
  `id` bigint(20) unsigned NOT NULL AUTO_INCREMENT,
  `class` varchar(40) CHARACTER SET utf8 COLLATE utf8_unicode_ci NOT NULL,
  `username` varchar(40) CHARACTER SET utf8 COLLATE utf8_unicode_ci NOT NULL,
  `controller` varchar(40) CHARACTER SET utf8 COLLATE utf8_unicode_ci NOT NULL,
  `action` varchar(40) CHARACTER SET utf8 COLLATE utf8_unicode_ci NOT NULL,
  `model_id` varchar(40) CHARACTER SET utf8 COLLATE utf8_unicode_ci NOT NULL,
  `ip` varchar(16) CHARACTER SET utf8 COLLATE utf8_unicode_ci NOT NULL,
  `requested` datetime NOT NULL,
  `apikey` varchar(64) CHARACTER SET utf8 COLLATE utf8_unicode_ci NOT NULL,
  `httpcode` smallint(3) unsigned NOT NULL,
  `error` varchar(255) CHARACTER SET utf8 COLLATE utf8_unicode_ci NOT NULL,
  `ratelimited` tinyint(1) unsigned NOT NULL,
  `data_in` text CHARACTER SET utf8 COLLATE utf8_unicode_ci NOT NULL,
  `meta` text CHARACTER SET utf8 COLLATE utf8_unicode_ci NOT NULL,
  `data_out` text CHARACTER SET utf8 COLLATE utf8_unicode_ci NOT NULL,
  `responded` datetime NOT NULL,
  `created` datetime NOT NULL,
  `modified` datetime NOT NULL,
  PRIMARY KEY (`id`)
) ENGINE=InnoDB DEFAULT CHARSET=utf8;

/*Data for the table `rest_logs` */

/*Table structure for table `roles` */

DROP TABLE IF EXISTS `roles`;

CREATE TABLE `roles` (
  `id` int(11) NOT NULL AUTO_INCREMENT,
  `name` varchar(100) NOT NULL,
  `created` datetime DEFAULT NULL,
  `modified` datetime DEFAULT NULL,
  PRIMARY KEY (`id`)
) ENGINE=InnoDB AUTO_INCREMENT=5 DEFAULT CHARSET=latin1;

/*Data for the table `roles` */

insert  into `roles`(`id`,`name`,`created`,`modified`) values (1,'Administrator',NULL,'2011-09-01 16:20:09'),(2,'Moderator',NULL,'2011-09-01 11:27:16'),(3,'User',NULL,'2011-09-01 11:27:28'),(4,'API Access','2012-05-19 11:11:40','2012-05-19 11:11:40');

/*Table structure for table `stats` */

DROP TABLE IF EXISTS `stats`;

CREATE TABLE `stats` (
  `id` int(11) NOT NULL AUTO_INCREMENT,
  `quantity` int(5) NOT NULL,
  `created` datetime NOT NULL,
  `phone_id` int(11) NOT NULL,
  `location_id` int(11) DEFAULT NULL,
  `unit_id` int(11) DEFAULT NULL,
  `messagereceived_id` int(11) DEFAULT NULL,
  `user_id` int(11) DEFAULT NULL,
  `status_id` int(11) DEFAULT NULL,
  `patient_id` int(11) DEFAULT NULL,
  `modified` datetime DEFAULT NULL,
  `deleted_date` datetime DEFAULT NULL,
  `deleted` int(1) DEFAULT '0',
  PRIMARY KEY (`id`)
) ENGINE=InnoDB AUTO_INCREMENT=339 DEFAULT CHARSET=latin1;

/*Data for the table `stats` */

/*Table structure for table `statuses` */

DROP TABLE IF EXISTS `statuses`;

CREATE TABLE `statuses` (
  `id` int(11) NOT NULL AUTO_INCREMENT,
  `name` varchar(35) DEFAULT NULL,
  PRIMARY KEY (`id`)
) ENGINE=InnoDB AUTO_INCREMENT=7 DEFAULT CHARSET=latin1;

/*Data for the table `statuses` */

insert  into `statuses`(`id`,`name`) values (1,'Receive'),(2,'Assign'),(3,'Discard'),(4,'Return'),(5,'Destroy'),(6,'System Adjustment');

/*Table structure for table `tracks` */

DROP TABLE IF EXISTS `tracks`;

CREATE TABLE `tracks` (
  `id` int(11) NOT NULL AUTO_INCREMENT,
  `kit_id` int(11) DEFAULT NULL,
  `location_id` int(11) DEFAULT NULL,
  `patient_id` int(11) DEFAULT NULL,
  `status_id` int(11) DEFAULT NULL,
  `created` datetime DEFAULT NULL,
  `modified` datetime DEFAULT NULL,
  `rawreport_id` int(11) DEFAULT NULL,
  `phone_id` int(11) DEFAULT NULL,
  `parent_location_id` int(11) DEFAULT NULL,
  PRIMARY KEY (`id`)
) ENGINE=InnoDB AUTO_INCREMENT=149 DEFAULT CHARSET=latin1;

/*Data for the table `tracks` */

/*Table structure for table `treatments` */

DROP TABLE IF EXISTS `treatments`;

CREATE TABLE `treatments` (
  `id` int(11) NOT NULL AUTO_INCREMENT,
  `code` varchar(4) NOT NULL,
  `units` int(2) NOT NULL,
  `description` varchar(256) DEFAULT NULL,
  PRIMARY KEY (`id`)
) ENGINE=InnoDB AUTO_INCREMENT=20 DEFAULT CHARSET=latin1;

/*Data for the table `treatments` */

/*Table structure for table `units` */

DROP TABLE IF EXISTS `units`;

CREATE TABLE `units` (
  `id` int(11) NOT NULL AUTO_INCREMENT,
  `code` varchar(12) DEFAULT NULL,
  `batch_id` int(11) DEFAULT NULL,
  `comment` varchar(255) DEFAULT NULL,
  `deleted_date` datetime DEFAULT NULL,
  `deleted` int(1) DEFAULT '0',
  PRIMARY KEY (`id`)
) ENGINE=InnoDB AUTO_INCREMENT=74 DEFAULT CHARSET=latin1;

/*Data for the table `units` */

/*Table structure for table `units_items` */

DROP TABLE IF EXISTS `units_items`;

CREATE TABLE `units_items` (
  `id` int(11) NOT NULL AUTO_INCREMENT,
  `unit_id` int(11) DEFAULT NULL,
  `item_id` int(11) DEFAULT NULL,
  PRIMARY KEY (`id`)
) ENGINE=InnoDB AUTO_INCREMENT=83 DEFAULT CHARSET=latin1;

/*Data for the table `units_items` */

/*Table structure for table `user_roles` */

DROP TABLE IF EXISTS `user_roles`;

CREATE TABLE `user_roles` (
  `id` int(11) NOT NULL AUTO_INCREMENT,
  `user_id` int(10) unsigned NOT NULL,
  `role_id` int(10) unsigned NOT NULL,
  PRIMARY KEY (`id`)
) ENGINE=InnoDB AUTO_INCREMENT=2 DEFAULT CHARSET=latin1;

/*Data for the table `user_roles` */

/*Table structure for table `users` */

DROP TABLE IF EXISTS `users`;

CREATE TABLE `users` (
  `id` int(11) NOT NULL AUTO_INCREMENT,
  `name` varchar(45) DEFAULT NULL,
  `username` varchar(255) NOT NULL,
  `password` char(40) NOT NULL,
  `role_id` int(11) DEFAULT NULL,
  `created` datetime DEFAULT NULL,
  `modified` datetime DEFAULT NULL,
  `reach` int(11) DEFAULT NULL,
  `phone_id` int(11) DEFAULT NULL,
  `location_id` int(11) DEFAULT NULL,
  `active` int(1) DEFAULT '1',
  PRIMARY KEY (`id`),
  UNIQUE KEY `username` (`username`)
) ENGINE=InnoDB AUTO_INCREMENT=11 DEFAULT CHARSET=latin1;

/*Data for the table `users` */

insert  into `users`(`id`,`name`,`username`,`password`,`role_id`,`created`,`modified`,`reach`,`phone_id`,`location_id`,`active`) values (1,'Administrator','admin','8db57f058f3daac554698a07b8eaf8df1e1d319b',1,'2010-08-29 23:11:29','2012-10-03 17:32:53',0,NULL,11,1),(2,'Moderator','moderator','86800f0a0025a5d0180d2b92f54e11ac6b40f0f4',2,'2010-08-29 23:11:44','2012-10-03 17:34:42',0,NULL,14,1),(7,'User name ','user','772b66cbcc03b734ed372c3e41f539e991571670',3,'2011-07-04 08:45:10','2012-10-03 17:35:34',0,NULL,10,1);
