-- MySQL dump 10.13  Distrib 5.5.20, for Win32 (x86)
--
-- Host: localhost    Database: track
-- ------------------------------------------------------
-- Server version	5.5.20-log

/*!40101 SET @OLD_CHARACTER_SET_CLIENT=@@CHARACTER_SET_CLIENT */;
/*!40101 SET @OLD_CHARACTER_SET_RESULTS=@@CHARACTER_SET_RESULTS */;
/*!40101 SET @OLD_COLLATION_CONNECTION=@@COLLATION_CONNECTION */;
/*!40101 SET NAMES utf8 */;
/*!40103 SET @OLD_TIME_ZONE=@@TIME_ZONE */;
/*!40103 SET TIME_ZONE='+00:00' */;
/*!40014 SET @OLD_UNIQUE_CHECKS=@@UNIQUE_CHECKS, UNIQUE_CHECKS=0 */;
/*!40014 SET @OLD_FOREIGN_KEY_CHECKS=@@FOREIGN_KEY_CHECKS, FOREIGN_KEY_CHECKS=0 */;
/*!40101 SET @OLD_SQL_MODE=@@SQL_MODE, SQL_MODE='NO_AUTO_VALUE_ON_ZERO' */;
/*!40111 SET @OLD_SQL_NOTES=@@SQL_NOTES, SQL_NOTES=0 */;


CREATE DATABASE IF NOT EXISTS `tracker`;

USE `tracker`;

--
-- Table structure for table `acos`
--

DROP TABLE IF EXISTS `acos`;
/*!40101 SET @saved_cs_client     = @@character_set_client */;
/*!40101 SET character_set_client = utf8 */;
CREATE TABLE `acos` (
  `id` int(11) NOT NULL AUTO_INCREMENT,
  `parent_id` int(10) DEFAULT NULL,
  `model` varchar(255) DEFAULT NULL,
  `foreign_key` int(10) DEFAULT NULL,
  `alias` varchar(255) DEFAULT NULL,
  `lft` int(10) DEFAULT NULL,
  `rght` int(10) DEFAULT NULL,
  PRIMARY KEY (`id`)
) ENGINE=MyISAM AUTO_INCREMENT=3412 DEFAULT CHARSET=latin1;
/*!40101 SET character_set_client = @saved_cs_client */;

--
-- Dumping data for table `acos`
--

LOCK TABLES `acos` WRITE;
/*!40000 ALTER TABLE `acos` DISABLE KEYS */;
INSERT INTO `acos` VALUES (2993,NULL,NULL,NULL,'controllers',1,804),(3208,2993,NULL,NULL,'App',430,451),(3209,3208,NULL,NULL,'findLocationChildren',431,432),(3210,3208,NULL,NULL,'findLocationParent',433,434),(3211,3208,NULL,NULL,'findTopParent',435,436),(3212,3208,NULL,NULL,'findLevel',437,438),(3213,3208,NULL,NULL,'findLocationFirstChildren',439,440),(3214,3208,NULL,NULL,'getReport',441,442),(3215,3208,NULL,NULL,'sumChildren',443,444),(3216,3208,NULL,NULL,'processItems',445,446),(3217,2993,NULL,NULL,'Pages',452,459),(3218,3217,NULL,NULL,'display',453,454),(3219,3217,NULL,NULL,'updateJSONFile',455,456),(3220,3217,NULL,NULL,'getReports',457,458),(3221,2993,NULL,NULL,'Alerts',460,475),(3222,3221,NULL,NULL,'index',461,462),(3223,3221,NULL,NULL,'view',463,464),(3224,3221,NULL,NULL,'add',465,466),(3225,3221,NULL,NULL,'edit',467,468),(3226,3221,NULL,NULL,'delete',469,470),(3227,3221,NULL,NULL,'triggered',471,472),(3228,2993,NULL,NULL,'Approvals',476,487),(3229,3228,NULL,NULL,'index',477,478),(3230,3228,NULL,NULL,'view',479,480),(3231,3228,NULL,NULL,'add',481,482),(3232,3228,NULL,NULL,'edit',483,484),(3233,3228,NULL,NULL,'delete',485,486),(3234,2993,NULL,NULL,'ApprovalsStats',488,499),(3235,3234,NULL,NULL,'index',489,490),(3236,3234,NULL,NULL,'view',491,492),(3237,3234,NULL,NULL,'add',493,494),(3238,3234,NULL,NULL,'edit',495,496),(3239,3234,NULL,NULL,'delete',497,498),(3240,2993,NULL,NULL,'Items',500,511),(3241,3240,NULL,NULL,'index',501,502),(3242,3240,NULL,NULL,'view',503,504),(3243,3240,NULL,NULL,'add',505,506),(3244,3240,NULL,NULL,'edit',507,508),(3245,3240,NULL,NULL,'delete',509,510),(3246,2993,NULL,NULL,'Locations',512,523),(3247,3246,NULL,NULL,'index',513,514),(3248,3246,NULL,NULL,'view',515,516),(3249,3246,NULL,NULL,'add',517,518),(3250,3246,NULL,NULL,'edit',519,520),(3251,3246,NULL,NULL,'delete',521,522),(3252,2993,NULL,NULL,'Messagereceiveds',524,535),(3253,3252,NULL,NULL,'index',525,526),(3254,3252,NULL,NULL,'view',527,528),(3255,3252,NULL,NULL,'add',529,530),(3256,3252,NULL,NULL,'edit',531,532),(3257,3252,NULL,NULL,'delete',533,534),(3258,2993,NULL,NULL,'Modifiers',536,547),(3259,3258,NULL,NULL,'index',537,538),(3260,3258,NULL,NULL,'view',539,540),(3261,3258,NULL,NULL,'add',541,542),(3262,3258,NULL,NULL,'edit',543,544),(3263,3258,NULL,NULL,'delete',545,546),(3264,2993,NULL,NULL,'Phones',548,559),(3265,3264,NULL,NULL,'index',549,550),(3266,3264,NULL,NULL,'view',551,552),(3267,3264,NULL,NULL,'add',553,554),(3268,3264,NULL,NULL,'edit',555,556),(3269,3264,NULL,NULL,'delete',557,558),(3270,2993,NULL,NULL,'Rawreports',560,571),(3271,3270,NULL,NULL,'index',561,562),(3272,3270,NULL,NULL,'view',563,564),(3273,3270,NULL,NULL,'add',565,566),(3274,3270,NULL,NULL,'edit',567,568),(3275,3270,NULL,NULL,'delete',569,570),(3276,2993,NULL,NULL,'Roles',572,593),(3277,3276,NULL,NULL,'index',573,574),(3278,3276,NULL,NULL,'view',575,576),(3279,3276,NULL,NULL,'add',577,578),(3280,3276,NULL,NULL,'edit',579,580),(3281,3276,NULL,NULL,'delete',581,582),(3282,3276,NULL,NULL,'acl',583,584),(3283,3276,NULL,NULL,'adjustperm',585,586),(3284,3276,NULL,NULL,'cleanupAcl',587,588),(3285,2993,NULL,NULL,'Stats',594,649),(3286,3285,NULL,NULL,'index',595,596),(3287,3285,NULL,NULL,'view',597,598),(3288,3285,NULL,NULL,'add',599,600),(3289,3285,NULL,NULL,'edit',601,602),(3290,3285,NULL,NULL,'delete',603,604),(3291,3285,NULL,NULL,'update_select',605,606),(3292,3285,NULL,NULL,'sitems',607,608),(3293,3285,NULL,NULL,'ichart',609,610),(3294,3285,NULL,NULL,'facility',611,612),(3295,3285,NULL,NULL,'options',613,614),(3296,2993,NULL,NULL,'Users',650,673),(3297,3296,NULL,NULL,'login',651,652),(3298,3296,NULL,NULL,'logout',653,654),(3299,3296,NULL,NULL,'index',655,656),(3300,3296,NULL,NULL,'view',657,658),(3301,3296,NULL,NULL,'add',659,660),(3302,3296,NULL,NULL,'edit',661,662),(3303,3296,NULL,NULL,'delete',663,664),(3304,3296,NULL,NULL,'initDB',665,666),(3305,3296,NULL,NULL,'build_acl',667,668),(3306,3296,NULL,NULL,'changePass',669,670),(3307,3296,NULL,NULL,'resetUsers',671,672),(3308,2993,NULL,NULL,'Views',674,675),(3309,2993,NULL,NULL,'Messagesents',676,687),(3310,3309,NULL,NULL,'index',677,678),(3311,3309,NULL,NULL,'view',679,680),(3312,3309,NULL,NULL,'add',681,682),(3313,3309,NULL,NULL,'edit',683,684),(3314,3309,NULL,NULL,'delete',685,686),(3315,3276,NULL,NULL,'managePermissions',589,590),(3316,3276,NULL,NULL,'allowDenyPermission',591,592),(3317,3285,NULL,NULL,'aggregatedInventory',615,616),(3318,3285,NULL,NULL,'aggregatedChart',617,618),(3319,3285,NULL,NULL,'facilityInventory',619,620),(3320,3221,NULL,NULL,'triggeredAlerts',473,474),(3321,3285,NULL,NULL,'update_facility_select',621,622),(3322,3285,NULL,NULL,'graphTimeline',623,624),(3323,2993,NULL,NULL,'Statuses',688,699),(3325,3323,NULL,NULL,'index',689,690),(3327,3323,NULL,NULL,'view',691,692),(3329,3323,NULL,NULL,'add',693,694),(3331,3323,NULL,NULL,'edit',695,696),(3333,3323,NULL,NULL,'delete',697,698),(3335,2993,NULL,NULL,'Patients',700,711),(3337,3335,NULL,NULL,'index',701,702),(3339,3335,NULL,NULL,'view',703,704),(3341,3335,NULL,NULL,'add',705,706),(3343,3335,NULL,NULL,'edit',707,708),(3345,3335,NULL,NULL,'delete',709,710),(3347,3285,NULL,NULL,'update_patient_select',625,626),(3349,3285,NULL,NULL,'update_sent_to_select',627,628),(3351,3285,NULL,NULL,'patientsWithKits',629,630),(3353,3285,NULL,NULL,'mismatchedDeliveries',631,632),(3355,3285,NULL,NULL,'kitsExpired',633,634),(3357,3285,NULL,NULL,'kitsInTransit',635,636),(3358,3285,NULL,NULL,'store',637,638),(3359,2993,NULL,NULL,'Api',712,715),(3360,3359,NULL,NULL,'getPhone',713,714),(3361,2993,NULL,NULL,'Apis',716,753),(3362,3361,NULL,NULL,'getPhone',717,718),(3363,3361,NULL,NULL,'setReport',719,720),(3364,3361,NULL,NULL,'discardUnit',721,722),(3365,3361,NULL,NULL,'receiveUnit',723,724),(3366,3361,NULL,NULL,'assignToPatient',725,726),(3367,3361,NULL,NULL,'assignToFacility',727,728),(3368,2993,NULL,NULL,'Batches',754,767),(3369,3368,NULL,NULL,'index',755,756),(3370,3368,NULL,NULL,'view',757,758),(3371,3368,NULL,NULL,'add',759,760),(3372,3368,NULL,NULL,'edit',761,762),(3373,3368,NULL,NULL,'delete',763,764),(3374,2993,NULL,NULL,'Units',768,779),(3375,3374,NULL,NULL,'index',769,770),(3376,3374,NULL,NULL,'view',771,772),(3377,3374,NULL,NULL,'add',773,774),(3378,3374,NULL,NULL,'edit',775,776),(3379,3374,NULL,NULL,'delete',777,778),(3380,2993,NULL,NULL,'UnitsItems',780,791),(3381,3380,NULL,NULL,'index',781,782),(3382,3380,NULL,NULL,'view',783,784),(3383,3380,NULL,NULL,'add',785,786),(3384,3380,NULL,NULL,'edit',787,788),(3385,3380,NULL,NULL,'delete',789,790),(3386,2993,NULL,NULL,'UnitsBatches',792,803),(3387,3386,NULL,NULL,'index',793,794),(3388,3386,NULL,NULL,'view',795,796),(3389,3386,NULL,NULL,'add',797,798),(3390,3386,NULL,NULL,'edit',799,800),(3391,3386,NULL,NULL,'delete',801,802),(3392,3361,NULL,NULL,'findPatient',729,730),(3393,3361,NULL,NULL,'findUnit',731,732),(3394,3361,NULL,NULL,'findPhone',733,734),(3395,3361,NULL,NULL,'findFacility',735,736),(3396,3361,NULL,NULL,'createUnit',737,738),(3397,3361,NULL,NULL,'setReceived',739,740),(3398,3361,NULL,NULL,'setSent',741,742),(3399,3361,NULL,NULL,'checkFeedback',743,744),(3400,3368,NULL,NULL,'addAjax',765,766),(3401,3285,NULL,NULL,'assignUnits',639,640),(3402,3285,NULL,NULL,'receiveUnits',641,642),(3403,3285,NULL,NULL,'discardUnits',643,644),(3404,3285,NULL,NULL,'update_units_select',645,646),(3405,3285,NULL,NULL,'drugUsage',647,648),(3406,3361,NULL,NULL,'actionlessUnit',745,746),(3407,3361,NULL,NULL,'assign',747,748),(3408,3361,NULL,NULL,'patientConsent',749,750),(3409,3361,NULL,NULL,'rejectMessage',751,752),(3410,3208,NULL,NULL,'isActionAllowed',447,448),(3411,3208,NULL,NULL,'isPatientWithKit',449,450);
/*!40000 ALTER TABLE `acos` ENABLE KEYS */;
UNLOCK TABLES;

--
-- Table structure for table `alerts`
--

DROP TABLE IF EXISTS `alerts`;
/*!40101 SET @saved_cs_client     = @@character_set_client */;
/*!40101 SET character_set_client = utf8 */;
CREATE TABLE `alerts` (
  `id` int(11) NOT NULL DEFAULT '0',
  `location_id` int(11) DEFAULT NULL,
  `unit_id` int(11) DEFAULT NULL,
  `threshold` int(11) DEFAULT NULL,
  `conditions` int(11) DEFAULT NULL,
  `user_id` int(11) DEFAULT NULL,
  `created` datetime DEFAULT NULL
) ENGINE=MyISAM DEFAULT CHARSET=latin1;
/*!40101 SET character_set_client = @saved_cs_client */;

--
-- Dumping data for table `alerts`
--

LOCK TABLES `alerts` WRITE;
/*!40000 ALTER TABLE `alerts` DISABLE KEYS */;
INSERT INTO `alerts` VALUES (31,20,14,20001,2,2,'2011-08-26 13:58:26'),(33,20,16,15,3,2,'2011-08-26 14:00:24'),(34,20,18,150,1,1,'2011-08-26 17:45:31'),(35,22,22,3670,3,2,'2011-08-27 10:50:18'),(36,5,1,1500,2,1,'2011-08-27 10:57:10'),(37,30,22,25,1,2,'2011-09-02 14:41:29');
/*!40000 ALTER TABLE `alerts` ENABLE KEYS */;
UNLOCK TABLES;

--
-- Table structure for table `approvals`
--

DROP TABLE IF EXISTS `approvals`;
/*!40101 SET @saved_cs_client     = @@character_set_client */;
/*!40101 SET character_set_client = utf8 */;
CREATE TABLE `approvals` (
  `id` int(11) NOT NULL DEFAULT '0',
  `messagereceived_id` int(11) DEFAULT NULL,
  `user_id` int(11) DEFAULT NULL,
  `created` datetime DEFAULT NULL
) ENGINE=InnoDB DEFAULT CHARSET=latin1;
/*!40101 SET character_set_client = @saved_cs_client */;

--
-- Dumping data for table `approvals`
--

LOCK TABLES `approvals` WRITE;
/*!40000 ALTER TABLE `approvals` DISABLE KEYS */;
INSERT INTO `approvals` VALUES (32,2331,1,'2011-09-01 15:05:03'),(33,2337,1,'2011-09-01 17:04:50'),(34,2426,6,'2011-09-09 15:59:14'),(35,2428,6,'2011-09-09 16:01:50'),(36,2467,6,'2011-09-09 17:02:02');
/*!40000 ALTER TABLE `approvals` ENABLE KEYS */;
UNLOCK TABLES;

--
-- Table structure for table `approvals_stats`
--

DROP TABLE IF EXISTS `approvals_stats`;
/*!40101 SET @saved_cs_client     = @@character_set_client */;
/*!40101 SET character_set_client = utf8 */;
CREATE TABLE `approvals_stats` (
  `id` int(11) NOT NULL DEFAULT '0',
  `approval_id` int(11) DEFAULT NULL,
  `stat_id` int(11) DEFAULT NULL
) ENGINE=InnoDB DEFAULT CHARSET=latin1;
/*!40101 SET character_set_client = @saved_cs_client */;

--
-- Dumping data for table `approvals_stats`
--

LOCK TABLES `approvals_stats` WRITE;
/*!40000 ALTER TABLE `approvals_stats` DISABLE KEYS */;
INSERT INTO `approvals_stats` VALUES (288,30,937),(289,30,760),(290,30,984),(291,30,924),(292,30,898),(293,30,800),(294,31,950),(295,31,768),(296,31,981),(297,31,947),(298,31,384),(299,31,402),(300,31,760),(301,31,937),(302,31,984),(303,31,898),(304,31,924),(305,31,800),(306,31,960),(307,31,766),(308,31,764),(309,31,961),(310,31,350),(311,31,770),(312,31,949),(313,31,902),(314,31,922),(315,31,896),(316,31,802),(317,32,950),(318,32,768),(319,32,981),(320,33,950),(321,33,768),(322,33,981),(323,34,884),(324,34,266),(325,34,1019),(326,36,1011),(327,36,1005),(328,36,330),(329,36,378),(330,36,278),(331,36,884),(332,36,266),(333,36,1024),(334,36,392),(335,36,1023),(336,36,288),(337,36,993);
/*!40000 ALTER TABLE `approvals_stats` ENABLE KEYS */;
UNLOCK TABLES;

--
-- Table structure for table `aros`
--

DROP TABLE IF EXISTS `aros`;
/*!40101 SET @saved_cs_client     = @@character_set_client */;
/*!40101 SET character_set_client = utf8 */;
CREATE TABLE `aros` (
  `id` int(11) NOT NULL AUTO_INCREMENT,
  `parent_id` int(11) DEFAULT NULL,
  `model` varchar(255) CHARACTER SET utf8 COLLATE utf8_unicode_ci DEFAULT '',
  `foreign_key` int(11) DEFAULT NULL,
  `alias` varchar(255) CHARACTER SET utf8 COLLATE utf8_unicode_ci DEFAULT '',
  `lft` int(11) DEFAULT NULL,
  `rght` int(11) DEFAULT NULL,
  PRIMARY KEY (`id`)
) ENGINE=InnoDB AUTO_INCREMENT=16 DEFAULT CHARSET=latin1;
/*!40101 SET character_set_client = @saved_cs_client */;

--
-- Dumping data for table `aros`
--

LOCK TABLES `aros` WRITE;
/*!40000 ALTER TABLE `aros` DISABLE KEYS */;
INSERT INTO `aros` VALUES (1,NULL,'Role',1,'Admin',1,4),(2,NULL,'Role',2,'Manager',5,16),(3,1,'User',1,'',2,3),(4,NULL,'Role',3,'User',17,24),(5,2,'User',2,'',6,7),(6,4,'User',3,'',18,19),(7,2,'User',6,'',8,9),(8,2,'User',4,'',14,15),(9,4,'User',5,'',20,21),(10,4,'User',7,'',22,23),(13,2,'User',9,'',10,11),(14,2,'User',10,'',12,13),(15,NULL,'Role',4,'',25,26);
/*!40000 ALTER TABLE `aros` ENABLE KEYS */;
UNLOCK TABLES;

--
-- Table structure for table `aros_acos`
--

DROP TABLE IF EXISTS `aros_acos`;
/*!40101 SET @saved_cs_client     = @@character_set_client */;
/*!40101 SET character_set_client = utf8 */;
CREATE TABLE `aros_acos` (
  `id` int(11) NOT NULL AUTO_INCREMENT,
  `aro_id` int(10) NOT NULL,
  `aco_id` int(10) NOT NULL,
  `_create` varchar(2) NOT NULL DEFAULT '0',
  `_read` varchar(2) NOT NULL DEFAULT '0',
  `_update` varchar(2) NOT NULL DEFAULT '0',
  `_delete` varchar(2) NOT NULL DEFAULT '0',
  PRIMARY KEY (`id`)
) ENGINE=InnoDB AUTO_INCREMENT=1058 DEFAULT CHARSET=latin1;
/*!40101 SET character_set_client = @saved_cs_client */;

--
-- Dumping data for table `aros_acos`
--

LOCK TABLES `aros_acos` WRITE;
/*!40000 ALTER TABLE `aros_acos` DISABLE KEYS */;
INSERT INTO `aros_acos` VALUES (1,1,3218,'0','0','0','0'),(3,2,3218,'0','0','0','0'),(5,4,3218,'0','0','0','0'),(7,1,3222,'0','0','0','0'),(9,2,3222,'0','0','0','0'),(11,4,3222,'0','0','0','0'),(13,1,3223,'0','0','0','0'),(15,2,3223,'0','0','0','0'),(17,4,3223,'0','0','0','0'),(19,1,3224,'0','0','0','0'),(21,2,3224,'0','0','0','0'),(23,4,3224,'0','0','0','0'),(25,1,3225,'0','0','0','0'),(27,2,3225,'0','0','0','0'),(29,4,3225,'0','0','0','0'),(31,1,3226,'0','0','0','0'),(33,2,3226,'0','0','0','0'),(35,4,3226,'0','0','0','0'),(37,1,3320,'0','0','0','0'),(39,2,3320,'0','0','0','0'),(41,4,3320,'0','0','0','0'),(43,1,3229,'0','0','0','0'),(45,2,3229,'0','0','0','0'),(47,4,3229,'0','0','0','0'),(49,1,3230,'0','0','0','0'),(51,2,3230,'0','0','0','0'),(53,4,3230,'0','0','0','0'),(55,1,3235,'0','0','0','0'),(57,2,3235,'0','0','0','0'),(59,4,3235,'0','0','0','0'),(61,1,3236,'0','0','0','0'),(63,2,3236,'0','0','0','0'),(65,4,3236,'0','0','0','0'),(67,1,3241,'0','0','0','0'),(69,2,3241,'0','0','0','0'),(71,4,3241,'0','0','0','0'),(73,1,3242,'0','0','0','0'),(75,2,3242,'0','0','0','0'),(77,4,3242,'0','0','0','0'),(79,1,3243,'0','0','0','0'),(81,2,3243,'0','0','0','0'),(83,4,3243,'0','0','0','0'),(85,1,3244,'0','0','0','0'),(87,2,3244,'0','0','0','0'),(89,4,3244,'0','0','0','0'),(91,1,3245,'0','0','0','0'),(93,2,3245,'0','0','0','0'),(95,4,3245,'0','0','0','0'),(97,1,3247,'0','0','0','0'),(99,2,3247,'0','0','0','0'),(101,4,3247,'0','0','0','0'),(103,1,3248,'0','0','0','0'),(105,2,3248,'0','0','0','0'),(107,4,3248,'0','0','0','0'),(109,1,3249,'0','0','0','0'),(111,2,3249,'0','0','0','0'),(113,4,3249,'0','0','0','0'),(115,1,3250,'0','0','0','0'),(117,2,3250,'0','0','0','0'),(119,4,3250,'0','0','0','0'),(121,1,3251,'0','0','0','0'),(123,2,3251,'0','0','0','0'),(125,4,3251,'0','0','0','0'),(127,1,3253,'0','0','0','0'),(129,2,3253,'1','1','1','1'),(131,4,3253,'0','0','0','0'),(133,1,3254,'0','0','0','0'),(135,2,3254,'1','1','1','1'),(137,4,3254,'0','0','0','0'),(139,1,3310,'0','0','0','0'),(141,2,3310,'1','1','1','1'),(143,4,3310,'0','0','0','0'),(145,1,3311,'0','0','0','0'),(147,2,3311,'1','1','1','1'),(149,4,3311,'0','0','0','0'),(151,1,3259,'0','0','0','0'),(153,2,3259,'0','0','0','0'),(155,4,3259,'0','0','0','0'),(157,1,3260,'0','0','0','0'),(159,2,3260,'0','0','0','0'),(161,4,3260,'0','0','0','0'),(163,1,3261,'0','0','0','0'),(165,2,3261,'0','0','0','0'),(167,4,3261,'0','0','0','0'),(169,1,3262,'0','0','0','0'),(171,2,3262,'0','0','0','0'),(173,4,3262,'0','0','0','0'),(175,1,3263,'0','0','0','0'),(177,2,3263,'0','0','0','0'),(179,4,3263,'0','0','0','0'),(181,1,3265,'0','0','0','0'),(183,2,3265,'1','1','1','1'),(185,4,3265,'0','0','0','0'),(187,1,3266,'0','0','0','0'),(189,2,3266,'1','1','1','1'),(191,4,3266,'0','0','0','0'),(193,1,3267,'0','0','0','0'),(195,2,3267,'1','1','1','1'),(197,4,3267,'0','0','0','0'),(199,1,3268,'0','0','0','0'),(201,2,3268,'1','1','1','1'),(203,4,3268,'0','0','0','0'),(205,1,3269,'0','0','0','0'),(207,2,3269,'0','0','0','0'),(209,4,3269,'0','0','0','0'),(211,1,3277,'0','0','0','0'),(213,2,3277,'0','0','0','0'),(215,4,3277,'0','0','0','0'),(217,1,3278,'0','0','0','0'),(219,2,3278,'0','0','0','0'),(221,4,3278,'0','0','0','0'),(223,1,3279,'0','0','0','0'),(225,2,3279,'0','0','0','0'),(227,4,3279,'0','0','0','0'),(229,1,3280,'0','0','0','0'),(231,2,3280,'0','0','0','0'),(233,4,3280,'0','0','0','0'),(235,1,3281,'0','0','0','0'),(237,2,3281,'0','0','0','0'),(239,4,3281,'0','0','0','0'),(241,1,3315,'0','0','0','0'),(243,2,3315,'0','0','0','0'),(245,4,3315,'0','0','0','0'),(247,1,3316,'0','0','0','0'),(249,2,3316,'0','0','0','0'),(251,4,3316,'0','0','0','0'),(253,1,3286,'0','0','0','0'),(255,2,3286,'0','0','0','0'),(257,4,3286,'0','0','0','0'),(259,1,3287,'0','0','0','0'),(261,2,3287,'0','0','0','0'),(263,4,3287,'0','0','0','0'),(265,1,3288,'0','0','0','0'),(267,2,3288,'0','0','0','0'),(269,4,3288,'0','0','0','0'),(271,1,3289,'0','0','0','0'),(273,2,3289,'0','0','0','0'),(275,4,3289,'0','0','0','0'),(277,1,3290,'0','0','0','0'),(279,2,3290,'0','0','0','0'),(281,4,3290,'0','0','0','0'),(283,1,3321,'0','0','0','0'),(285,2,3321,'0','0','0','0'),(287,4,3321,'0','0','0','0'),(289,1,3317,'0','0','0','0'),(291,2,3317,'0','0','0','0'),(293,4,3317,'0','0','0','0'),(295,1,3318,'0','0','0','0'),(297,2,3318,'0','0','0','0'),(299,4,3318,'0','0','0','0'),(301,1,3319,'0','0','0','0'),(303,2,3319,'0','0','0','0'),(305,4,3319,'0','0','0','0'),(307,1,3322,'0','0','0','0'),(309,2,3322,'0','0','0','0'),(311,4,3322,'0','0','0','0'),(313,1,3295,'0','0','0','0'),(315,2,3295,'0','0','0','0'),(317,4,3295,'0','0','0','0'),(319,1,3297,'0','0','0','0'),(321,2,3297,'0','0','0','0'),(323,4,3297,'0','0','0','0'),(325,1,3298,'0','0','0','0'),(327,2,3298,'0','0','0','0'),(329,4,3298,'0','0','0','0'),(331,1,3299,'0','0','0','0'),(333,2,3299,'0','0','0','0'),(335,4,3299,'0','0','0','0'),(337,1,3300,'0','0','0','0'),(339,2,3300,'0','0','0','0'),(341,4,3300,'0','0','0','0'),(343,1,3301,'0','0','0','0'),(345,2,3301,'0','0','0','0'),(347,4,3301,'0','0','0','0'),(349,1,3302,'0','0','0','0'),(351,2,3302,'0','0','0','0'),(353,4,3302,'0','0','0','0'),(355,1,3303,'0','0','0','0'),(357,2,3303,'0','0','0','0'),(359,4,3303,'0','0','0','0'),(361,1,3306,'0','0','0','0'),(363,2,3306,'0','0','0','0'),(365,4,3306,'0','0','0','0'),(367,1,3218,'1','1','1','1'),(369,1,3222,'1','1','1','1'),(371,1,3223,'1','1','1','1'),(373,1,3224,'1','1','1','1'),(375,1,3225,'1','1','1','1'),(377,1,3226,'1','1','1','1'),(379,1,3320,'1','1','1','1'),(381,1,3229,'1','1','1','1'),(383,1,3230,'1','1','1','1'),(385,1,3235,'1','1','1','1'),(387,1,3236,'1','1','1','1'),(389,1,3241,'1','1','1','1'),(391,1,3242,'1','1','1','1'),(393,1,3243,'1','1','1','1'),(395,1,3244,'1','1','1','1'),(397,1,3245,'1','1','1','1'),(399,1,3247,'1','1','1','1'),(401,1,3248,'1','1','1','1'),(403,1,3249,'1','1','1','1'),(405,1,3250,'1','1','1','1'),(407,1,3251,'1','1','1','1'),(409,1,3253,'1','1','1','1'),(411,1,3254,'1','1','1','1'),(413,1,3310,'1','1','1','1'),(415,1,3311,'1','1','1','1'),(417,1,3259,'1','1','1','1'),(419,1,3260,'1','1','1','1'),(421,1,3261,'1','1','1','1'),(423,1,3262,'1','1','1','1'),(425,1,3263,'1','1','1','1'),(427,1,3265,'1','1','1','1'),(429,1,3266,'1','1','1','1'),(431,1,3267,'1','1','1','1'),(433,1,3268,'1','1','1','1'),(435,1,3269,'1','1','1','1'),(437,1,3277,'1','1','1','1'),(439,1,3278,'1','1','1','1'),(441,1,3279,'1','1','1','1'),(443,1,3280,'1','1','1','1'),(445,1,3281,'1','1','1','1'),(447,1,3315,'1','1','1','1'),(449,1,3316,'1','1','1','1'),(451,1,3286,'1','1','1','1'),(453,1,3287,'1','1','1','1'),(455,1,3288,'1','1','1','1'),(457,1,3289,'1','1','1','1'),(459,1,3290,'1','1','1','1'),(461,1,3321,'1','1','1','1'),(463,1,3317,'1','1','1','1'),(465,1,3318,'1','1','1','1'),(467,1,3319,'1','1','1','1'),(469,1,3322,'1','1','1','1'),(471,1,3295,'1','1','1','1'),(473,1,3297,'1','1','1','1'),(475,1,3298,'1','1','1','1'),(477,1,3299,'1','1','1','1'),(479,1,3300,'1','1','1','1'),(481,1,3301,'1','1','1','1'),(483,1,3302,'1','1','1','1'),(485,1,3303,'1','1','1','1'),(487,1,3306,'1','1','1','1'),(489,2,3218,'1','1','1','1'),(491,4,3218,'1','1','1','1'),(493,2,3286,'1','1','1','1'),(495,2,3287,'1','1','1','1'),(497,2,3288,'1','1','1','1'),(499,2,3289,'1','1','1','1'),(501,2,3290,'1','1','1','1'),(503,2,3321,'1','1','1','1'),(505,2,3317,'1','1','1','1'),(507,2,3318,'1','1','1','1'),(509,2,3319,'1','1','1','1'),(511,2,3322,'1','1','1','1'),(513,2,3295,'1','1','1','1'),(515,2,3316,'1','1','1','1'),(517,2,3315,'1','1','1','1'),(519,2,3277,'1','1','1','1'),(521,2,3297,'1','1','1','1'),(523,4,3297,'1','1','1','1'),(525,2,3298,'1','1','1','1'),(527,4,3306,'1','1','1','1'),(529,2,3306,'1','1','1','1'),(531,2,3299,'1','1','1','1'),(533,2,3300,'1','1','1','1'),(535,2,3301,'1','1','1','1'),(537,2,3302,'1','1','1','1'),(539,4,3241,'1','1','1','1'),(541,2,3241,'1','1','1','1'),(543,4,3242,'1','1','1','1'),(545,2,3242,'1','1','1','1'),(547,4,3241,'0','0','0','0'),(549,2,3247,'1','1','1','1'),(551,2,3249,'1','1','1','1'),(553,4,3248,'1','1','1','1'),(555,2,3248,'1','1','1','1'),(557,2,3250,'1','1','1','1'),(559,1,3286,'0','0','0','0'),(561,1,3287,'0','0','0','0'),(563,1,3288,'0','0','0','0'),(565,1,3289,'0','0','0','0'),(567,1,3290,'0','0','0','0'),(569,1,3321,'0','0','0','0'),(571,1,3317,'0','0','0','0'),(573,1,3318,'0','0','0','0'),(575,1,3319,'0','0','0','0'),(577,1,3322,'0','0','0','0'),(579,1,3295,'0','0','0','0'),(581,1,3286,'1','1','1','1'),(583,1,3287,'1','1','1','1'),(585,1,3288,'1','1','1','1'),(587,1,3289,'1','1','1','1'),(589,1,3290,'1','1','1','1'),(591,1,3321,'1','1','1','1'),(593,1,3317,'1','1','1','1'),(595,1,3318,'1','1','1','1'),(597,1,3319,'1','1','1','1'),(599,1,3322,'1','1','1','1'),(601,1,3295,'1','1','1','1'),(603,4,3318,'1','1','1','1'),(605,4,3322,'1','1','1','1'),(607,4,3321,'1','1','1','1'),(609,4,3319,'1','1','1','1'),(611,4,3317,'1','1','1','1'),(613,4,3298,'1','1','1','1'),(615,1,3297,'0','0','0','0'),(617,1,3297,'1','1','1','1'),(619,1,3298,'0','0','0','0'),(621,1,3298,'1','1','1','1'),(623,1,3297,'0','0','0','0'),(625,1,3298,'0','0','0','0'),(627,1,3299,'0','0','0','0'),(629,1,3300,'0','0','0','0'),(631,1,3301,'0','0','0','0'),(633,1,3302,'0','0','0','0'),(635,1,3303,'0','0','0','0'),(637,1,3306,'0','0','0','0'),(639,1,3297,'1','1','1','1'),(641,1,3298,'1','1','1','1'),(643,1,3299,'1','1','1','1'),(645,1,3300,'1','1','1','1'),(647,1,3301,'1','1','1','1'),(649,1,3302,'1','1','1','1'),(651,1,3303,'1','1','1','1'),(653,1,3306,'1','1','1','1'),(655,1,3286,'0','0','0','0'),(657,1,3287,'0','0','0','0'),(659,1,3288,'0','0','0','0'),(661,1,3289,'0','0','0','0'),(663,1,3290,'0','0','0','0'),(665,1,3321,'0','0','0','0'),(667,1,3317,'0','0','0','0'),(669,1,3318,'0','0','0','0'),(671,1,3319,'0','0','0','0'),(673,1,3322,'0','0','0','0'),(675,1,3295,'0','0','0','0'),(677,1,3286,'1','1','1','1'),(679,1,3287,'1','1','1','1'),(681,1,3288,'1','1','1','1'),(683,1,3289,'1','1','1','1'),(685,1,3290,'1','1','1','1'),(687,1,3321,'1','1','1','1'),(689,1,3317,'1','1','1','1'),(691,1,3318,'1','1','1','1'),(693,1,3319,'1','1','1','1'),(695,1,3322,'1','1','1','1'),(697,1,3295,'1','1','1','1'),(699,1,3325,'0','0','0','0'),(701,2,3325,'0','0','0','0'),(703,4,3325,'0','0','0','0'),(705,1,3327,'0','0','0','0'),(707,2,3327,'0','0','0','0'),(709,4,3327,'0','0','0','0'),(711,1,3329,'0','0','0','0'),(713,2,3329,'0','0','0','0'),(715,4,3329,'0','0','0','0'),(717,1,3331,'0','0','0','0'),(719,2,3331,'0','0','0','0'),(721,4,3331,'0','0','0','0'),(723,1,3333,'0','0','0','0'),(725,2,3333,'0','0','0','0'),(727,4,3333,'0','0','0','0'),(729,1,3337,'1','1','1','1'),(731,2,3337,'1','1','1','1'),(733,4,3337,'0','0','0','0'),(735,1,3339,'1','1','1','1'),(737,2,3339,'1','1','1','1'),(739,4,3339,'1','1','1','1'),(741,1,3341,'1','1','1','1'),(743,2,3341,'1','1','1','1'),(745,4,3341,'0','0','0','0'),(747,1,3343,'1','1','1','1'),(749,2,3343,'1','1','1','1'),(751,4,3343,'0','0','0','0'),(753,1,3345,'1','1','1','1'),(755,2,3345,'0','0','0','0'),(757,4,3345,'0','0','0','0'),(759,1,3347,'1','1','1','1'),(761,2,3347,'1','1','1','1'),(763,4,3347,'1','1','1','1'),(765,1,3349,'1','1','1','1'),(767,2,3349,'1','1','1','1'),(769,4,3349,'1','1','1','1'),(771,1,3351,'1','1','1','1'),(773,2,3351,'1','1','1','1'),(775,4,3351,'1','1','1','1'),(777,1,3353,'1','1','1','1'),(779,2,3353,'1','1','1','1'),(781,4,3353,'1','1','1','1'),(783,1,3355,'1','1','1','1'),(785,2,3355,'1','1','1','1'),(787,4,3355,'1','1','1','1'),(789,1,3357,'1','1','1','1'),(791,2,3357,'1','1','1','1'),(793,4,3357,'1','1','1','1'),(794,1,3358,'1','1','1','1'),(795,2,3358,'0','0','0','0'),(796,4,3358,'0','0','0','0'),(797,1,3360,'1','1','1','1'),(798,2,3360,'0','0','0','0'),(799,4,3360,'0','0','0','0'),(800,1,3362,'1','1','1','1'),(801,2,3362,'0','0','0','0'),(802,4,3362,'0','0','0','0'),(803,1,3363,'1','1','1','1'),(804,2,3363,'0','0','0','0'),(805,4,3363,'0','0','0','0'),(806,1,3364,'1','1','1','1'),(807,2,3364,'0','0','0','0'),(808,4,3364,'0','0','0','0'),(809,1,3365,'1','1','1','1'),(810,2,3365,'0','0','0','0'),(811,4,3365,'0','0','0','0'),(812,1,3366,'1','1','1','1'),(813,2,3366,'0','0','0','0'),(814,4,3366,'0','0','0','0'),(815,1,3367,'1','1','1','1'),(816,2,3367,'0','0','0','0'),(817,4,3367,'0','0','0','0'),(818,1,3369,'1','1','1','1'),(819,2,3369,'1','1','1','1'),(820,4,3369,'0','0','0','0'),(821,1,3370,'1','1','1','1'),(822,2,3370,'1','1','1','1'),(823,4,3370,'1','1','1','1'),(824,1,3371,'1','1','1','1'),(825,2,3371,'1','1','1','1'),(826,4,3371,'0','0','0','0'),(827,1,3372,'1','1','1','1'),(828,2,3372,'1','1','1','1'),(829,4,3372,'0','0','0','0'),(830,1,3373,'1','1','1','1'),(831,2,3373,'0','0','0','0'),(832,4,3373,'0','0','0','0'),(833,1,3375,'1','1','1','1'),(834,2,3375,'1','1','1','1'),(835,4,3375,'0','0','0','0'),(836,1,3376,'1','1','1','1'),(837,2,3376,'1','1','1','1'),(838,4,3376,'1','1','1','1'),(839,1,3377,'1','1','1','1'),(840,2,3377,'1','1','1','1'),(841,4,3377,'0','0','0','0'),(842,1,3378,'1','1','1','1'),(843,2,3378,'1','1','1','1'),(844,4,3378,'0','0','0','0'),(845,1,3379,'1','1','1','1'),(846,2,3379,'1','1','1','1'),(847,4,3379,'0','0','0','0'),(848,1,3381,'1','1','1','1'),(849,2,3381,'0','0','0','0'),(850,4,3381,'0','0','0','0'),(851,1,3382,'1','1','1','1'),(852,2,3382,'0','0','0','0'),(853,4,3382,'0','0','0','0'),(854,1,3383,'1','1','1','1'),(855,2,3383,'0','0','0','0'),(856,4,3383,'0','0','0','0'),(857,1,3384,'1','1','1','1'),(858,2,3384,'0','0','0','0'),(859,4,3384,'0','0','0','0'),(860,1,3385,'1','1','1','1'),(861,2,3385,'0','0','0','0'),(862,4,3385,'0','0','0','0'),(863,1,3387,'1','1','1','1'),(864,2,3387,'0','0','0','0'),(865,4,3387,'0','0','0','0'),(866,1,3388,'1','1','1','1'),(867,2,3388,'0','0','0','0'),(868,4,3388,'0','0','0','0'),(869,1,3389,'1','1','1','1'),(870,2,3389,'0','0','0','0'),(871,4,3389,'0','0','0','0'),(872,1,3390,'1','1','1','1'),(873,2,3390,'0','0','0','0'),(874,4,3390,'0','0','0','0'),(875,1,3391,'1','1','1','1'),(876,2,3391,'0','0','0','0'),(877,4,3391,'0','0','0','0'),(878,1,3392,'1','1','1','1'),(879,2,3392,'0','0','0','0'),(880,4,3392,'0','0','0','0'),(881,1,3393,'1','1','1','1'),(882,2,3393,'0','0','0','0'),(883,4,3393,'0','0','0','0'),(884,1,3394,'1','1','1','1'),(885,2,3394,'0','0','0','0'),(886,4,3394,'0','0','0','0'),(887,1,3395,'1','1','1','1'),(888,2,3395,'0','0','0','0'),(889,4,3395,'0','0','0','0'),(890,1,3396,'1','1','1','1'),(891,2,3396,'0','0','0','0'),(892,4,3396,'0','0','0','0'),(893,1,3397,'1','1','1','1'),(894,2,3397,'0','0','0','0'),(895,4,3397,'0','0','0','0'),(896,1,3398,'1','1','1','1'),(897,2,3398,'0','0','0','0'),(898,4,3398,'0','0','0','0'),(899,1,3399,'1','1','1','1'),(900,2,3399,'0','0','0','0'),(901,4,3399,'0','0','0','0'),(902,1,3400,'1','1','1','1'),(903,2,3400,'1','1','1','1'),(904,4,3400,'0','0','0','0'),(905,1,3401,'1','1','1','1'),(906,2,3401,'1','1','1','1'),(907,4,3401,'1','1','1','1'),(908,1,3402,'1','1','1','1'),(909,2,3402,'1','1','1','1'),(910,4,3402,'1','1','1','1'),(911,1,3403,'1','1','1','1'),(912,2,3403,'1','1','1','1'),(913,4,3403,'1','1','1','1'),(914,1,3404,'1','1','1','1'),(915,2,3404,'1','1','1','1'),(916,4,3404,'1','1','1','1'),(917,15,3218,'0','0','0','0'),(918,15,3222,'0','0','0','0'),(919,15,3223,'0','0','0','0'),(920,15,3224,'0','0','0','0'),(921,15,3225,'0','0','0','0'),(922,15,3226,'0','0','0','0'),(923,15,3320,'0','0','0','0'),(924,15,3394,'0','0','0','0'),(925,15,3364,'1','1','1','1'),(926,15,3365,'1','1','1','1'),(927,15,3366,'1','1','1','1'),(928,15,3367,'1','1','1','1'),(929,15,3392,'0','0','0','0'),(930,15,3393,'0','0','0','0'),(931,15,3395,'0','0','0','0'),(932,15,3396,'1','1','1','1'),(933,15,3397,'0','0','0','0'),(934,15,3398,'0','0','0','0'),(935,15,3399,'0','0','0','0'),(936,15,3229,'0','0','0','0'),(937,15,3230,'0','0','0','0'),(938,15,3235,'0','0','0','0'),(939,15,3236,'0','0','0','0'),(940,15,3369,'0','0','0','0'),(941,15,3370,'0','0','0','0'),(942,15,3371,'0','0','0','0'),(943,15,3400,'0','0','0','0'),(944,15,3372,'0','0','0','0'),(945,15,3373,'0','0','0','0'),(946,15,3241,'0','0','0','0'),(947,15,3242,'0','0','0','0'),(948,15,3243,'0','0','0','0'),(949,15,3244,'0','0','0','0'),(950,15,3245,'0','0','0','0'),(951,15,3247,'0','0','0','0'),(952,15,3248,'0','0','0','0'),(953,15,3249,'0','0','0','0'),(954,15,3250,'0','0','0','0'),(955,15,3251,'0','0','0','0'),(956,15,3253,'0','0','0','0'),(957,15,3254,'0','0','0','0'),(958,15,3310,'0','0','0','0'),(959,15,3311,'0','0','0','0'),(960,15,3259,'0','0','0','0'),(961,15,3260,'0','0','0','0'),(962,15,3261,'0','0','0','0'),(963,15,3262,'0','0','0','0'),(964,15,3263,'0','0','0','0'),(965,15,3337,'0','0','0','0'),(966,15,3339,'0','0','0','0'),(967,15,3341,'0','0','0','0'),(968,15,3343,'0','0','0','0'),(969,15,3345,'0','0','0','0'),(970,15,3265,'0','0','0','0'),(971,15,3266,'0','0','0','0'),(972,15,3267,'0','0','0','0'),(973,15,3268,'0','0','0','0'),(974,15,3269,'0','0','0','0'),(975,15,3277,'0','0','0','0'),(976,15,3278,'0','0','0','0'),(977,15,3279,'0','0','0','0'),(978,15,3280,'0','0','0','0'),(979,15,3281,'0','0','0','0'),(980,15,3315,'0','0','0','0'),(981,15,3316,'0','0','0','0'),(982,15,3286,'0','0','0','0'),(983,15,3287,'0','0','0','0'),(984,15,3401,'0','0','0','0'),(985,15,3402,'0','0','0','0'),(986,15,3403,'0','0','0','0'),(987,15,3289,'0','0','0','0'),(988,15,3290,'0','0','0','0'),(989,15,3404,'0','0','0','0'),(990,15,3321,'0','0','0','0'),(991,15,3347,'0','0','0','0'),(992,15,3349,'0','0','0','0'),(993,15,3317,'0','0','0','0'),(994,15,3318,'0','0','0','0'),(995,15,3319,'0','0','0','0'),(996,15,3322,'0','0','0','0'),(997,15,3353,'0','0','0','0'),(998,15,3357,'0','0','0','0'),(999,15,3355,'0','0','0','0'),(1000,15,3351,'0','0','0','0'),(1001,15,3295,'0','0','0','0'),(1002,15,3325,'0','0','0','0'),(1003,15,3327,'0','0','0','0'),(1004,15,3329,'0','0','0','0'),(1005,15,3331,'0','0','0','0'),(1006,15,3333,'0','0','0','0'),(1007,15,3387,'0','0','0','0'),(1008,15,3388,'0','0','0','0'),(1009,15,3389,'0','0','0','0'),(1010,15,3390,'0','0','0','0'),(1011,15,3391,'0','0','0','0'),(1012,15,3375,'0','0','0','0'),(1013,15,3376,'0','0','0','0'),(1014,15,3377,'0','0','0','0'),(1015,15,3378,'0','0','0','0'),(1016,15,3379,'0','0','0','0'),(1017,15,3381,'0','0','0','0'),(1018,15,3382,'0','0','0','0'),(1019,15,3383,'0','0','0','0'),(1020,15,3384,'0','0','0','0'),(1021,15,3385,'0','0','0','0'),(1022,15,3297,'1','1','1','1'),(1023,15,3298,'1','1','1','1'),(1024,15,3299,'0','0','0','0'),(1025,15,3300,'0','0','0','0'),(1026,15,3301,'0','0','0','0'),(1027,15,3302,'0','0','0','0'),(1028,15,3303,'0','0','0','0'),(1029,15,3306,'0','0','0','0'),(1030,1,3405,'1','1','1','1'),(1031,15,3405,'0','0','0','0'),(1032,2,3405,'1','1','1','1'),(1033,4,3405,'1','1','1','1'),(1034,1,3406,'1','1','1','1'),(1035,15,3406,'1','1','1','1'),(1036,2,3406,'0','0','0','0'),(1037,4,3406,'0','0','0','0'),(1038,1,3407,'1','1','1','1'),(1039,15,3407,'1','1','1','1'),(1040,2,3407,'0','0','0','0'),(1041,4,3407,'0','0','0','0'),(1042,1,3408,'1','1','1','1'),(1043,15,3408,'1','1','1','1'),(1044,2,3408,'0','0','0','0'),(1045,4,3408,'0','0','0','0'),(1046,1,3409,'1','1','1','1'),(1047,15,3409,'1','1','1','1'),(1048,2,3409,'0','0','0','0'),(1049,4,3409,'0','0','0','0'),(1050,1,3410,'0','0','0','0'),(1051,15,3410,'0','0','0','0'),(1052,2,3410,'0','0','0','0'),(1053,4,3410,'0','0','0','0'),(1054,1,3411,'0','0','0','0'),(1055,15,3411,'0','0','0','0'),(1056,2,3411,'0','0','0','0'),(1057,4,3411,'0','0','0','0');
/*!40000 ALTER TABLE `aros_acos` ENABLE KEYS */;
UNLOCK TABLES;

--
-- Table structure for table `batches`
--

DROP TABLE IF EXISTS `batches`;
/*!40101 SET @saved_cs_client     = @@character_set_client */;
/*!40101 SET character_set_client = utf8 */;
CREATE TABLE `batches` (
  `id` int(11) NOT NULL AUTO_INCREMENT,
  `expire_date` datetime DEFAULT NULL,
  `batch_number` varchar(16) DEFAULT NULL,
  PRIMARY KEY (`id`)
) ENGINE=InnoDB AUTO_INCREMENT=35 DEFAULT CHARSET=latin1;
/*!40101 SET character_set_client = @saved_cs_client */;

--
-- Dumping data for table `batches`
--

LOCK TABLES `batches` WRITE;
/*!40000 ALTER TABLE `batches` DISABLE KEYS */;
INSERT INTO `batches` VALUES (33,'2012-12-30 00:00:00','A001'),(34,'2012-12-30 00:00:00','B001');
/*!40000 ALTER TABLE `batches` ENABLE KEYS */;
UNLOCK TABLES;

--
-- Table structure for table `drugs`
--

DROP TABLE IF EXISTS `drugs`;
/*!40101 SET @saved_cs_client     = @@character_set_client */;
/*!40101 SET character_set_client = utf8 */;
CREATE TABLE `drugs` (
  `id` int(11) NOT NULL AUTO_INCREMENT,
  `name` varchar(40) NOT NULL,
  `code` varchar(3) NOT NULL,
  `presentation` varchar(20) NOT NULL,
  PRIMARY KEY (`id`)
) ENGINE=InnoDB AUTO_INCREMENT=7 DEFAULT CHARSET=latin1;
/*!40101 SET character_set_client = @saved_cs_client */;

--
-- Dumping data for table `drugs`
--

LOCK TABLES `drugs` WRITE;
/*!40000 ALTER TABLE `drugs` DISABLE KEYS */;
INSERT INTO `drugs` VALUES (1,'Mectizan','IVM','Tablets'),(2,'Albendazole','ALB','Tablets'),(3,'Mebendazole','MEB','Tablets'),(4,'Praziquantel','PZQ','Tablets'),(5,'Zithromax tablets','ZTT','Tablets'),(6,'Zithromax pediatric','ZTS','Oral Suspension');
/*!40000 ALTER TABLE `drugs` ENABLE KEYS */;
UNLOCK TABLES;

--
-- Table structure for table `drugs_kittypes`
--

DROP TABLE IF EXISTS `drugs_kittypes`;
/*!40101 SET @saved_cs_client     = @@character_set_client */;
/*!40101 SET character_set_client = utf8 */;
CREATE TABLE `drugs_kittypes` (
  `id` int(11) NOT NULL AUTO_INCREMENT,
  `drug_id` int(11) DEFAULT NULL,
  `kittype_id` int(11) DEFAULT NULL,
  `quantity` int(11) DEFAULT NULL,
  PRIMARY KEY (`id`)
) ENGINE=InnoDB AUTO_INCREMENT=3 DEFAULT CHARSET=latin1;
/*!40101 SET character_set_client = @saved_cs_client */;

--
-- Dumping data for table `drugs_kittypes`
--

LOCK TABLES `drugs_kittypes` WRITE;
/*!40000 ALTER TABLE `drugs_kittypes` DISABLE KEYS */;
INSERT INTO `drugs_kittypes` VALUES (1,1,1,NULL),(2,2,1,NULL);
/*!40000 ALTER TABLE `drugs_kittypes` ENABLE KEYS */;
UNLOCK TABLES;

--
-- Table structure for table `drugs_treatments`
--

DROP TABLE IF EXISTS `drugs_treatments`;
/*!40101 SET @saved_cs_client     = @@character_set_client */;
/*!40101 SET character_set_client = utf8 */;
CREATE TABLE `drugs_treatments` (
  `id` int(11) NOT NULL AUTO_INCREMENT,
  `drug_id` int(11) NOT NULL,
  `treatment_id` int(11) NOT NULL,
  `quantity` int(11) NOT NULL,
  PRIMARY KEY (`id`)
) ENGINE=InnoDB AUTO_INCREMENT=74 DEFAULT CHARSET=latin1;
/*!40101 SET character_set_client = @saved_cs_client */;

--
-- Dumping data for table `drugs_treatments`
--

LOCK TABLES `drugs_treatments` WRITE;
/*!40000 ALTER TABLE `drugs_treatments` DISABLE KEYS */;
INSERT INTO `drugs_treatments` VALUES (1,5,19,12),(3,5,10,52),(4,2,10,14),(18,4,10,5555),(19,3,10,44441),(60,6,12,89),(61,3,12,125),(70,1,1,8),(72,3,4,78),(73,6,4,123);
/*!40000 ALTER TABLE `drugs_treatments` ENABLE KEYS */;
UNLOCK TABLES;

--
-- Table structure for table `groups`
--

DROP TABLE IF EXISTS `groups`;
/*!40101 SET @saved_cs_client     = @@character_set_client */;
/*!40101 SET character_set_client = utf8 */;
CREATE TABLE `groups` (
  `id` int(11) NOT NULL AUTO_INCREMENT,
  `name` varchar(100) NOT NULL,
  `created` datetime DEFAULT NULL,
  `modified` datetime DEFAULT NULL,
  PRIMARY KEY (`id`)
) ENGINE=InnoDB AUTO_INCREMENT=11 DEFAULT CHARSET=latin1;
/*!40101 SET character_set_client = @saved_cs_client */;

--
-- Dumping data for table `groups`
--

LOCK TABLES `groups` WRITE;
/*!40000 ALTER TABLE `groups` DISABLE KEYS */;
INSERT INTO `groups` VALUES (8,'administrators','2010-08-29 23:47:59','2010-08-30 14:48:47'),(9,'moderators','2010-08-29 23:48:10','2010-08-30 14:48:54'),(10,'users','2010-08-29 23:48:18','2010-08-30 14:49:02');
/*!40000 ALTER TABLE `groups` ENABLE KEYS */;
UNLOCK TABLES;

--
-- Table structure for table `items`
--

DROP TABLE IF EXISTS `items`;
/*!40101 SET @saved_cs_client     = @@character_set_client */;
/*!40101 SET character_set_client = utf8 */;
CREATE TABLE `items` (
  `id` int(11) NOT NULL DEFAULT '0',
  `code` varchar(10) DEFAULT NULL,
  `name` varchar(40) DEFAULT NULL,
  `category` varchar(40) DEFAULT NULL,
  `units` varchar(40) DEFAULT NULL,
  `modifier_id` int(11) DEFAULT NULL,
  `presentation` varchar(20) NOT NULL
) ENGINE=InnoDB DEFAULT CHARSET=latin1;
/*!40101 SET character_set_client = @saved_cs_client */;

--
-- Dumping data for table `items`
--

LOCK TABLES `items` WRITE;
/*!40000 ALTER TABLE `items` DISABLE KEYS */;
INSERT INTO `items` VALUES (1,'DXMN','Dexamethasone','','not used',NULL,'');
/*!40000 ALTER TABLE `items` ENABLE KEYS */;
UNLOCK TABLES;

--
-- Table structure for table `kits`
--

DROP TABLE IF EXISTS `kits`;
/*!40101 SET @saved_cs_client     = @@character_set_client */;
/*!40101 SET character_set_client = utf8 */;
CREATE TABLE `kits` (
  `id` int(11) NOT NULL AUTO_INCREMENT,
  `code` varchar(6) DEFAULT NULL,
  `kittype_id` int(11) DEFAULT NULL,
  `created` datetime DEFAULT NULL,
  PRIMARY KEY (`id`),
  UNIQUE KEY `code` (`code`),
  UNIQUE KEY `code_2` (`code`)
) ENGINE=InnoDB AUTO_INCREMENT=54 DEFAULT CHARSET=latin1;
/*!40101 SET character_set_client = @saved_cs_client */;

--
-- Dumping data for table `kits`
--

LOCK TABLES `kits` WRITE;
/*!40000 ALTER TABLE `kits` DISABLE KEYS */;
INSERT INTO `kits` VALUES (52,'12111',1,'2011-06-29 12:23:17'),(53,'22215',1,'2011-06-29 14:21:35');
/*!40000 ALTER TABLE `kits` ENABLE KEYS */;
UNLOCK TABLES;

--
-- Table structure for table `kittypes`
--

DROP TABLE IF EXISTS `kittypes`;
/*!40101 SET @saved_cs_client     = @@character_set_client */;
/*!40101 SET character_set_client = utf8 */;
CREATE TABLE `kittypes` (
  `id` int(11) NOT NULL AUTO_INCREMENT,
  `code` varchar(30) DEFAULT NULL,
  PRIMARY KEY (`id`)
) ENGINE=InnoDB AUTO_INCREMENT=2 DEFAULT CHARSET=latin1;
/*!40101 SET character_set_client = @saved_cs_client */;

--
-- Dumping data for table `kittypes`
--

LOCK TABLES `kittypes` WRITE;
/*!40000 ALTER TABLE `kittypes` DISABLE KEYS */;
INSERT INTO `kittypes` VALUES (1,'my kit');
/*!40000 ALTER TABLE `kittypes` ENABLE KEYS */;
UNLOCK TABLES;

--
-- Table structure for table `levels`
--

DROP TABLE IF EXISTS `levels`;
/*!40101 SET @saved_cs_client     = @@character_set_client */;
/*!40101 SET character_set_client = utf8 */;
CREATE TABLE `levels` (
  `id` int(11) NOT NULL AUTO_INCREMENT,
  `name` varchar(35) DEFAULT NULL,
  PRIMARY KEY (`id`)
) ENGINE=InnoDB AUTO_INCREMENT=41 DEFAULT CHARSET=latin1;
/*!40101 SET character_set_client = @saved_cs_client */;

--
-- Dumping data for table `levels`
--

LOCK TABLES `levels` WRITE;
/*!40000 ALTER TABLE `levels` DISABLE KEYS */;
INSERT INTO `levels` VALUES (10,'NCC'),(20,'CH'),(30,'PHC'),(40,'RH');
/*!40000 ALTER TABLE `levels` ENABLE KEYS */;
UNLOCK TABLES;

--
-- Table structure for table `locations`
--

DROP TABLE IF EXISTS `locations`;
/*!40101 SET @saved_cs_client     = @@character_set_client */;
/*!40101 SET character_set_client = utf8 */;
CREATE TABLE `locations` (
  `id` int(11) NOT NULL AUTO_INCREMENT,
  `name` varchar(70) NOT NULL,
  `shortname` varchar(7) NOT NULL,
  `locationLatitude` varchar(13) NOT NULL,
  `locationLongitude` varchar(13) NOT NULL,
  `deleted` int(1) DEFAULT '0',
  `level_id` int(11) DEFAULT NULL,
  `parent_id` int(11) DEFAULT '0',
  PRIMARY KEY (`id`)
) ENGINE=InnoDB AUTO_INCREMENT=16 DEFAULT CHARSET=latin1;
/*!40101 SET character_set_client = @saved_cs_client */;

--
-- Dumping data for table `locations`
--

LOCK TABLES `locations` WRITE;
/*!40000 ALTER TABLE `locations` DISABLE KEYS */;
INSERT INTO `locations` VALUES (1,'San Roque Hospital','SRH','-28.566667','-58.716667',0,40,11),(3,'Mercedes Hospital','M001','-29.2','-58.083333',0,20,11),(5,'San Martin','S001','-28.183333','-56.65',0,30,3),(6,'Santa Lucia','SLL','-28.983333','-59.1',0,30,3),(9,'Concepcion','C001','-28.366667','-57.866667',0,30,3),(10,'Saladas Hospital','S002','-28.25','-58.616667',0,40,11),(11,'IECS','I001','-34.603333','-58.381667',0,10,0),(14,'Alvear','A001','-28.773','-56.294',0,NULL,1),(15,'Santo Tome','STM','-28.530','-56.058',0,NULL,1);
/*!40000 ALTER TABLE `locations` ENABLE KEYS */;
UNLOCK TABLES;

--
-- Table structure for table `messagereceiveds`
--

DROP TABLE IF EXISTS `messagereceiveds`;
/*!40101 SET @saved_cs_client     = @@character_set_client */;
/*!40101 SET character_set_client = utf8 */;
CREATE TABLE `messagereceiveds` (
  `id` int(11) NOT NULL AUTO_INCREMENT,
  `phone_id` int(11) DEFAULT NULL,
  `created` datetime DEFAULT NULL,
  `rawmessage` varchar(160) DEFAULT NULL,
  PRIMARY KEY (`id`)
) ENGINE=InnoDB AUTO_INCREMENT=2166 DEFAULT CHARSET=latin1;
/*!40101 SET character_set_client = @saved_cs_client */;

--
-- Dumping data for table `messagereceiveds`
--

LOCK TABLES `messagereceiveds` WRITE;
/*!40000 ALTER TABLE `messagereceiveds` DISABLE KEYS */;
INSERT INTO `messagereceiveds` VALUES (2006,28,'2012-10-01 18:20:33',''),(2007,28,'2012-10-01 18:20:33',''),(2008,28,'2012-10-01 18:20:34','Create 15559934234,1004,S001,2012-10-01'),(2009,64,'2012-10-01 18:20:36','Assign 34988441277,1004,S001,2012-10-01'),(2010,64,'2012-10-01 18:20:36','Assign 34988441277,1004,S001,2012-10-01'),(2011,60,'2012-10-01 18:20:37','Assign 15558873342,1004,S001,2012-10-01'),(2012,28,'2012-10-01 18:20:38',''),(2013,28,'2012-10-01 18:20:38','Assign 15559934234,1004,O001,2012-10-01'),(2014,28,'2012-10-01 18:20:39',''),(2015,28,'2012-10-01 18:20:40',''),(2016,28,'2012-10-01 18:20:40','Assign 15559934234,0400,S001,2012-10-01'),(2017,28,'2012-10-01 18:20:41','Assign 15559934234,0400,P000012,2012-10-01'),(2018,28,'2012-10-01 18:20:42',''),(2019,28,'2012-10-01 18:20:43',''),(2020,28,'2012-10-01 18:20:44','Assign 15559934234,1004,P000098,2012-10-01'),(2021,28,'2012-10-01 18:20:45',''),(2022,28,'2012-10-01 18:20:46',''),(2023,28,'2012-10-01 18:20:47','Assign 15559934234,1004,7000012,2012-10-01'),(2024,28,'2012-10-01 18:20:48',''),(2025,28,'2012-10-01 18:20:48',''),(2026,28,'2012-10-01 18:20:49',''),(2027,28,'2012-10-01 18:20:50',''),(2028,28,'2012-10-01 18:20:51',''),(2029,28,'2012-10-01 18:20:51','Create 15559934234,6500,S001,2012-10-01'),(2030,28,'2012-10-01 18:20:52','Create 15559934234,6500,S001,2012-10-01'),(2031,28,'2012-10-01 18:20:54',''),(2032,28,'2012-10-01 18:20:56','Assign 15559934234,6500,S001,2012-10-01'),(2033,28,'2012-10-01 18:20:58','Assign 15559934234,6500,P000012,2012-10-01'),(2034,28,'2012-10-01 18:20:59','Assign 15559934234,6500,S001,2012-10-01'),(2035,28,'2012-10-01 18:21:00','Create 15559934234,6511,S001,2012-10-01'),(2036,28,'2012-10-01 18:21:02','Assign 15559934234,6511,M001,2012-10-01'),(2037,55,'2012-10-01 18:21:04','Assign 19194382549,6511,S002,2012-10-01'),(2038,55,'2012-10-01 18:21:06','Assign 19194382549,6511,P000012,2012-10-01'),(2039,55,'2012-10-01 18:21:07',''),(2040,28,'2012-10-01 18:21:08','Create 15559934234,6515,S001,2012-10-01'),(2041,28,'2012-10-01 18:21:10','Assign 15559934234,6515,S002,2012-10-01'),(2042,55,'2012-10-01 18:21:11','Receive 19194382549,6515,_,2012-10-01'),(2043,55,'2012-10-01 18:21:14','Assign 19194382549,6515,P123452,2012-10-01'),(2044,55,'2012-10-01 18:21:15','Receive 19194382549,6515,_,2012-10-01'),(2045,28,'2012-10-01 18:21:18','Create 15559934234,6525,S001,2012-10-01'),(2046,28,'2012-10-01 18:21:20','Receive 15559934234,6525,S001,2012-10-01'),(2047,28,'2012-10-01 18:21:23','Receive 15559934234,6500,S001,2012-10-01'),(2048,6,'2012-10-01 18:21:25','Receive 15553993131,6525,_,2012-10-01'),(2049,28,'2012-10-01 18:21:27',''),(2050,28,'2012-10-01 18:21:29',''),(2051,28,'2012-10-01 18:21:31','Discard 15559934234,6500,_,2012-10-01'),(2052,28,'2012-10-01 18:21:32','Receive 15559934234,6511,_,2012-10-01'),(2053,28,'2012-10-01 18:21:34','Discard 15559934234,6511,_,2012-10-01'),(2054,55,'2012-10-01 18:21:36','Consent 19194382549,P000098'),(2055,55,'2012-10-01 18:21:38','Consent 19194382549,7000012'),(2056,55,'2012-10-01 18:21:40','Consent 19194382549,7000012'),(2057,55,'2012-10-01 18:21:42','Assign 19194382549,6525,S002,2012-18-12'),(2058,55,'2012-10-01 18:21:44',''),(2059,55,'2012-10-01 18:21:46','Receive 19194382549,6525,S002,2012-8-32'),(2060,28,'2012-10-01 18:21:48','Create 15559934234,6526,S001,2012-08-12'),(2061,28,'2012-10-01 18:21:50','Assign 15559934234,6526,M001,2012-08-15'),(2062,6,'2012-10-01 18:21:52','Receive 15553993131,6526,M001,12-08-20'),(2063,6,'2012-10-01 18:21:54','Consent 15553993131,7000013'),(2064,6,'2012-10-01 18:21:56','Assign 15553993131,6526,7000013,12-8-25'),(2065,6,'2012-10-01 18:21:57','Receive 15553993131,6526,_,2012-08-30'),(2066,28,'2012-10-01 18:21:59','Receive 15559934234,6526,_,2012-9-02'),(2067,28,'2012-10-01 18:22:01','Create 15559934234,6527,S001,2012-08-12'),(2068,6,'2012-10-01 18:22:02','Receive 15553993131,6527,M001,12-08-20'),(2069,28,'2012-10-01 18:22:03','Assign 15559934234,6527,M001,2012-08-15'),(2070,6,'2012-10-01 18:22:04','Consent 15553993131,7000014'),(2071,6,'2012-10-01 18:22:05','Assign 15553993131,6527,7000014,12-8-25'),(2072,6,'2012-10-01 18:22:06','Receive 15553993131,6527,_,2012-08-30'),(2073,28,'2012-10-01 18:22:07','Receive 15559934234,6527,_,2012-9-02'),(2074,28,'2012-10-01 18:22:08','Create 15559934234,6528,S001,2012-08-12'),(2075,6,'2012-10-01 18:22:09','Receive 15553993131,6528,M001,12-08-20'),(2076,28,'2012-10-01 18:22:09','Assign 15559934234,6528,S002,2012-08-15'),(2077,6,'2012-10-01 18:22:10','Consent 15553993131,7000015'),(2078,6,'2012-10-01 18:22:11','Assign 15553993131,6528,7000015,12-8-25'),(2079,6,'2012-10-01 18:22:12','Receive 15553993131,6528,_,2012-08-30'),(2080,28,'2012-10-01 18:22:13','Receive 15559934234,6528,_,2012-9-02'),(2081,28,'2012-10-01 18:22:14','Create 15559934234,6529,S001,2012-08-12'),(2082,28,'2012-10-01 18:22:15','Assign 15559934234,6529,S002,2012-08-15'),(2083,6,'2012-10-01 18:22:16','Consent 15553993131,7000016'),(2084,55,'2012-10-01 18:22:16','Assign 19194382549,6529,7000016,12-8-25'),(2085,6,'2012-10-01 18:22:17','Receive 15553993131,6529,_,2012-08-30'),(2086,28,'2012-10-01 18:22:18','Receive 15559934234,6529,_,2012-9-02'),(2087,6,'2012-10-01 18:22:19','Receive 15553993131,6529,M001,12-08-20'),(2088,28,'2012-10-01 18:22:19','Create 15559934234,6530,S001,2012-08-12'),(2089,28,'2012-10-01 18:22:20','Assign 15559934234,6530,S002,2012-08-15'),(2090,6,'2012-10-01 18:22:21','Consent 15553993131,7000017'),(2091,55,'2012-10-01 18:22:22','Assign 19194382549,6530,7000017,12-8-25'),(2092,6,'2012-10-01 18:22:22','Receive 15553993131,6530,M001,12-08-20'),(2093,6,'2012-10-01 18:22:23','Receive 15553993131,6530,_,2012-08-30'),(2094,28,'2012-10-01 18:22:24','Receive 15559934234,6530,_,2012-9-02'),(2095,28,'2012-10-01 18:22:25','Create 15559934234,6531,S001,2012-08-12'),(2096,28,'2012-10-01 18:22:26','Assign 15559934234,6531,M001,2012-08-15'),(2097,55,'2012-10-01 18:22:27','Receive 19194382549,6531,S002,2012-08-30'),(2098,6,'2012-10-01 18:22:28','Consent 15553993131,7000018'),(2099,6,'2012-10-01 18:22:29','Assign 15553993131,6531,7000018,2012-9-02'),(2100,6,'2012-10-01 18:22:30','Receive 15553993131,6531,M001,12-08-20'),(2101,28,'2012-10-01 18:22:31','Create 15559934234,6532,S001,2012-08-12'),(2102,28,'2012-10-01 18:22:32','Assign 15559934234,6532,M001,2012-08-15'),(2103,55,'2012-10-01 18:22:33','Receive 19194382549,6532,S002,2012-08-30'),(2104,6,'2012-10-01 18:22:34','Consent 15553993131,7000019'),(2105,55,'2012-10-01 18:22:35','Assign 19194382549,6532,7000019,2012-9-02'),(2106,6,'2012-10-01 18:22:36','Receive 15553993131,6532,M001,12-08-20'),(2107,28,'2012-10-01 18:33:20','Create 15559934234,1005,S001,2012-08-12'),(2108,28,'2012-10-01 18:33:21','Assign 15559934234,1005,M001,2012-08-15'),(2109,6,'2012-10-01 18:33:22','Receive 15553993131,1005,M001,12-8-25'),(2110,55,'2012-10-01 18:33:22','Receive 19194382549,1005,S002,2012-08-30'),(2111,6,'2012-10-01 18:33:23','Consent 15553993131,7000213'),(2112,55,'2012-10-01 18:33:24','Assign 19194382549,1005,7000213,2012-9-02'),(2113,6,'2012-10-01 18:33:24','Assign 15553993131,1005,S002,12-08-20'),(2114,6,'2012-10-01 18:33:26','Receive 15553993131,1005,M001,12-08-20'),(2115,6,'2012-10-01 18:33:27','Receive 15553993131,1005,_,2012-9-5'),(2116,28,'2012-10-01 18:33:27','Create 15559934234,1006,S001,2012-08-12'),(2117,28,'2012-10-01 18:33:28','Assign 15559934234,1006,M001,2012-08-15'),(2118,6,'2012-10-01 18:33:29','Receive 15553993131,1006,M001,12-8-25'),(2119,55,'2012-10-01 18:33:29','Receive 19194382549,1006,S002,2012-08-30'),(2120,6,'2012-10-01 18:33:31','Consent 15553993131,7000214'),(2121,55,'2012-10-01 18:33:32','Assign 19194382549,1006,7000214,2012-9-02'),(2122,6,'2012-10-01 18:33:32','Assign 15553993131,1006,M001,12-08-20'),(2123,6,'2012-10-01 18:33:34','Receive 15553993131,1006,M001,12-08-20'),(2124,6,'2012-10-01 18:33:35','Receive 15553993131,1006,_,2012-9-5'),(2125,28,'2012-10-01 18:33:36','Create 15559934234,1007,S001,2012-08-12'),(2126,28,'2012-10-01 18:33:36','Assign 15559934234,1007,M001,2012-08-15'),(2127,6,'2012-10-01 18:33:37','Receive 15553993131,1007,M001,12-8-25'),(2128,55,'2012-10-01 18:33:38','Receive 19194382549,1007,S002,2012-08-30'),(2129,6,'2012-10-01 18:33:39','Consent 15553993131,7000215'),(2130,55,'2012-10-01 18:33:39','Assign 19194382549,1007,7000215,2012-9-02'),(2131,6,'2012-10-01 18:33:40','Receive 15553993131,1007,M001,2012-9-5'),(2132,6,'2012-10-01 18:33:40','Receive 15553993131,1007,_,12-9-10'),(2133,6,'2012-10-01 18:33:41','Assign 15553993131,1007,M001,2012-09-15'),(2134,28,'2012-10-01 18:33:42','Create 15559934234,1008,S001,2012-08-12'),(2135,28,'2012-10-01 18:33:43','Assign 15559934234,1008,M001,2012-08-15'),(2136,6,'2012-10-01 18:33:44','Receive 15553993131,1008,M001,12-8-25'),(2137,55,'2012-10-01 18:33:44','Receive 19194382549,1008,S002,2012-08-30'),(2138,6,'2012-10-01 18:33:45','Receive 15553993131,1008,M001,2012-9-5'),(2139,6,'2012-10-01 18:33:46','Receive 15553993131,1008,_,12-9-10'),(2140,6,'2012-10-01 18:33:46','Assign 15553993131,1008,M001,2012-09-15'),(2141,28,'2012-10-01 18:33:47','Create 15559934234,1009,S001,2012-08-12'),(2142,28,'2012-10-01 18:33:48','Assign 15559934234,1009,M001,2012-08-15'),(2143,6,'2012-10-01 18:33:49','Receive 15553993131,1009,M001,12-8-25'),(2144,6,'2012-10-01 18:33:49','Assign 15553993131,1009,M001,12-08-20'),(2145,55,'2012-10-01 18:33:50','Receive 19194382549,1009,S002,2012-08-30'),(2146,6,'2012-10-01 18:33:51','Consent 15553993131,7000217'),(2147,55,'2012-10-01 18:33:51','Assign 19194382549,1009,7000217,2012-9-02'),(2148,6,'2012-10-01 18:33:52','Receive 15553993131,1009,M001,2012-9-5'),(2149,6,'2012-10-01 18:33:53','Receive 15553993131,1009,_,12-9-10'),(2150,28,'2012-10-01 18:33:54','Create 15559934234,1010,S001,2012-08-12'),(2151,6,'2012-10-01 18:33:55','Assign 15553993131,1010,M001,12-8-25'),(2152,28,'2012-10-01 18:33:56','Receive 15559934234,1010,S001,2012-08-30'),(2153,55,'2012-10-01 18:33:56','Receive 19194382549,1010,S002,2012-9-5'),(2154,6,'2012-10-01 18:33:57','Receive 15553993131,1010,M001,12-9-10'),(2155,55,'2012-10-01 18:33:58','Receive 19194382549,1010,_,2012-09-15'),(2156,28,'2012-10-01 18:33:58','Consent 15559934234,7000218'),(2157,28,'2012-10-01 18:33:59','Assign 15559934234,1010,7000218,12-08-20'),(2158,28,'2012-10-01 18:34:00','Create 15559934234,1011,S001,2012-08-12'),(2159,55,'2012-10-01 18:34:00','Assign 19194382549,1011,S002,12-8-25'),(2160,55,'2012-10-01 18:34:01','Receive 19194382549,1011,S002,2012-08-30'),(2161,55,'2012-10-01 18:34:02','Receive 19194382549,1011,S002,2012-9-5'),(2162,6,'2012-10-01 18:34:03','Receive 15553993131,1011,M001,12-9-10'),(2163,55,'2012-10-01 18:34:04','Receive 19194382549,1011,_,2012-09-15'),(2164,28,'2012-10-01 18:34:04','Consent 15559934234,7000219'),(2165,28,'2012-10-01 18:34:05','Assign 15559934234,1011,7000219,12-08-20');
/*!40000 ALTER TABLE `messagereceiveds` ENABLE KEYS */;
UNLOCK TABLES;

--
-- Table structure for table `messagesents`
--

DROP TABLE IF EXISTS `messagesents`;
/*!40101 SET @saved_cs_client     = @@character_set_client */;
/*!40101 SET character_set_client = utf8 */;
CREATE TABLE `messagesents` (
  `id` int(11) NOT NULL AUTO_INCREMENT,
  `messagereceived_id` int(11) DEFAULT NULL,
  `phone_id` int(11) DEFAULT NULL,
  `created` datetime DEFAULT NULL,
  `rawmessage` varchar(160) DEFAULT NULL,
  PRIMARY KEY (`id`)
) ENGINE=InnoDB AUTO_INCREMENT=1580 DEFAULT CHARSET=latin1;
/*!40101 SET character_set_client = @saved_cs_client */;

--
-- Dumping data for table `messagesents`
--

LOCK TABLES `messagesents` WRITE;
/*!40000 ALTER TABLE `messagesents` DISABLE KEYS */;
INSERT INTO `messagesents` VALUES (1422,2006,28,'2012-10-01 18:20:33','We couldn not interprete your message. Plese check and resend: 10112'),(1423,2007,28,'2012-10-01 18:20:33','We couldn not interprete your message. Plese check and resend: 10112'),(1424,2008,28,'2012-10-01 18:20:34','Thank you. Your report was successfully submitted.'),(1425,2009,64,'2012-10-01 18:20:36','Phone number not found. It will be added but you will not be able to report until it is activated.'),(1426,2010,64,'2012-10-01 18:20:36','This phone has not been activated. Please request activation.'),(1427,2011,60,'2012-10-01 18:20:37','This phone has not been assigned to a facility. Please request assignment.'),(1428,2012,28,'2012-10-01 18:20:38','Missing unit. Message not processed: 10113'),(1429,2013,28,'2012-10-01 18:20:38','Facility does not exist: O001'),(1430,2014,28,'2012-10-01 18:20:39','Missing or incorrect parameter. Message not processed: 10111'),(1431,2015,28,'2012-10-01 18:20:40','Missing unit. Message not processed: 10113'),(1432,2016,28,'2012-10-01 18:20:40','Unit does not exist: 0400'),(1433,2017,28,'2012-10-01 18:20:41','Unit does not exist: 0400'),(1434,2018,28,'2012-10-01 18:20:42','Missing or incorrect parameter. Message not processed: 10111'),(1435,2019,28,'2012-10-01 18:20:43','Missing unit. Message not processed: 10113'),(1436,2020,28,'2012-10-01 18:20:44','Patient does not exist: P000098'),(1437,2021,28,'2012-10-01 18:20:45','Missing or incorrect parameter. Message not processed: 10111'),(1438,2022,28,'2012-10-01 18:20:46','Missing unit. Message not processed: 10113'),(1439,2023,28,'2012-10-01 18:20:47','Thank you. Your report was successfully submitted.'),(1440,2024,28,'2012-10-01 18:20:48','Missing or incorrect parameter. Message not processed: 10111'),(1441,2025,28,'2012-10-01 18:20:48','Too many keywords were supplied. Message not processed: 10108'),(1442,2026,28,'2012-10-01 18:20:49','Missing or incorrect parameter. Message not processed: 10111'),(1443,2027,28,'2012-10-01 18:20:50','Missing unit. Message not processed: 10113'),(1444,2028,28,'2012-10-01 18:20:51','Missing or incorrect parameter. Message not processed: 10111'),(1445,2029,28,'2012-10-01 18:20:51','Thank you. Your report was successfully submitted.'),(1446,2030,28,'2012-10-01 18:20:52','This unit already exists: 6500'),(1447,2031,28,'2012-10-01 18:20:54','Missing or incorrect parameter. Message not processed: 10111'),(1448,2032,28,'2012-10-01 18:20:56','Thank you. Your report was successfully submitted.'),(1449,2033,28,'2012-10-01 18:20:58','Thank you. Your report was successfully submitted.'),(1450,2034,28,'2012-10-01 18:20:59','This kit is open and cannot be assigned to facility'),(1451,2035,28,'2012-10-01 18:21:00','Thank you. Your report was successfully submitted.'),(1452,2036,28,'2012-10-01 18:21:02','Thank you. Your report was successfully submitted.'),(1453,2037,55,'2012-10-01 18:21:04','Thank you. Your report was successfully submitted.'),(1454,2038,55,'2012-10-01 18:21:06','Patient already with kit. Not processed: 10115'),(1455,2039,55,'2012-10-01 18:21:07','Missing or incorrect parameter. Message not processed: 10111'),(1456,2040,28,'2012-10-01 18:21:08','Thank you. Your report was successfully submitted.'),(1457,2041,28,'2012-10-01 18:21:10','Thank you. Your report was successfully submitted.'),(1458,2042,55,'2012-10-01 18:21:12','Thank you. Your report was successfully submitted.'),(1459,2043,55,'2012-10-01 18:21:14','Thank you. Your report was successfully submitted.'),(1460,2044,55,'2012-10-01 18:21:16','Thank you. Your report was successfully submitted.'),(1461,2045,28,'2012-10-01 18:21:18','Thank you. Your report was successfully submitted.'),(1462,2046,28,'2012-10-01 18:21:20','Thank you. Your report was successfully submitted.'),(1463,2047,28,'2012-10-01 18:21:23','Thank you. Your report was successfully submitted.'),(1464,2048,6,'2012-10-01 18:21:25','Thank you. Your report was successfully submitted.'),(1465,2049,28,'2012-10-01 18:21:27','Missing or incorrect parameter. Message not processed: 10111'),(1466,2050,28,'2012-10-01 18:21:29','Missing or incorrect parameter. Message not processed: 10111'),(1467,2051,28,'2012-10-01 18:21:31','This kit is already open.'),(1468,2052,28,'2012-10-01 18:21:33','Thank you. Your report was successfully submitted.'),(1469,2053,28,'2012-10-01 18:21:35','Thank you. Your report was successfully submitted.'),(1470,2054,55,'2012-10-01 18:21:36','Patient has been created'),(1471,2057,55,'2012-10-01 18:21:42','Invalid date please use yyyy-mm-dd '),(1472,2058,55,'2012-10-01 18:21:44','We couldn not interprete your message. Plese check and resend: 10112'),(1473,2059,55,'2012-10-01 18:21:46','Invalid date please use yyyy-mm-dd '),(1474,2060,28,'2012-10-01 18:21:48','Thank you. Your report was successfully submitted.'),(1475,2061,28,'2012-10-01 18:21:50','Thank you. Your report was successfully submitted.'),(1476,2062,6,'2012-10-01 18:21:52','Thank you. Your report was successfully submitted.'),(1477,2063,6,'2012-10-01 18:21:54','Patient has been created'),(1478,2064,6,'2012-10-01 18:21:56','Thank you. Your report was successfully submitted.'),(1479,2065,6,'2012-10-01 18:21:57','Thank you. Your report was successfully submitted.'),(1480,2066,28,'2012-10-01 18:22:00','Thank you. Your report was successfully submitted.'),(1481,2067,28,'2012-10-01 18:22:01','Thank you. Your report was successfully submitted.'),(1482,2068,6,'2012-10-01 18:22:02','Thank you. Your report was successfully submitted.'),(1483,2069,28,'2012-10-01 18:22:03','Thank you. Your report was successfully submitted.'),(1484,2070,6,'2012-10-01 18:22:04','Patient has been created'),(1485,2071,6,'2012-10-01 18:22:05','Thank you. Your report was successfully submitted.'),(1486,2072,6,'2012-10-01 18:22:06','Thank you. Your report was successfully submitted.'),(1487,2073,28,'2012-10-01 18:22:07','Thank you. Your report was successfully submitted.'),(1488,2074,28,'2012-10-01 18:22:08','Thank you. Your report was successfully submitted.'),(1489,2075,6,'2012-10-01 18:22:09','Thank you. Your report was successfully submitted.'),(1490,2076,28,'2012-10-01 18:22:09','Thank you. Your report was successfully submitted.'),(1491,2077,6,'2012-10-01 18:22:10','Patient has been created'),(1492,2078,6,'2012-10-01 18:22:11','Thank you. Your report was successfully submitted.'),(1493,2079,6,'2012-10-01 18:22:12','Thank you. Your report was successfully submitted.'),(1494,2080,28,'2012-10-01 18:22:13','Thank you. Your report was successfully submitted.'),(1495,2081,28,'2012-10-01 18:22:14','Thank you. Your report was successfully submitted.'),(1496,2082,28,'2012-10-01 18:22:15','Thank you. Your report was successfully submitted.'),(1497,2083,6,'2012-10-01 18:22:16','Patient has been created'),(1498,2084,55,'2012-10-01 18:22:17','Thank you. Your report was successfully submitted.'),(1499,2085,6,'2012-10-01 18:22:17','Thank you. Your report was successfully submitted.'),(1500,2086,28,'2012-10-01 18:22:18','Thank you. Your report was successfully submitted.'),(1501,2087,6,'2012-10-01 18:22:19','Thank you. Your report was successfully submitted.'),(1502,2088,28,'2012-10-01 18:22:20','Thank you. Your report was successfully submitted.'),(1503,2089,28,'2012-10-01 18:22:20','Thank you. Your report was successfully submitted.'),(1504,2090,6,'2012-10-01 18:22:21','Patient has been created'),(1505,2091,55,'2012-10-01 18:22:22','Thank you. Your report was successfully submitted.'),(1506,2092,6,'2012-10-01 18:22:22','Thank you. Your report was successfully submitted.'),(1507,2093,6,'2012-10-01 18:22:24','Thank you. Your report was successfully submitted.'),(1508,2094,28,'2012-10-01 18:22:24','Thank you. Your report was successfully submitted.'),(1509,2095,28,'2012-10-01 18:22:26','Thank you. Your report was successfully submitted.'),(1510,2096,28,'2012-10-01 18:22:27','Thank you. Your report was successfully submitted.'),(1511,2097,55,'2012-10-01 18:22:27','Thank you. Your report was successfully submitted.'),(1512,2098,6,'2012-10-01 18:22:28','Patient has been created'),(1513,2099,6,'2012-10-01 18:22:29','This unit does not belong to your facility and cannot be dispensed: 10107'),(1514,2100,6,'2012-10-01 18:22:30','Thank you. Your report was successfully submitted.'),(1515,2101,28,'2012-10-01 18:22:31','Thank you. Your report was successfully submitted.'),(1516,2102,28,'2012-10-01 18:22:32','Thank you. Your report was successfully submitted.'),(1517,2103,55,'2012-10-01 18:22:33','Thank you. Your report was successfully submitted.'),(1518,2104,6,'2012-10-01 18:22:34','Patient has been created'),(1519,2105,55,'2012-10-01 18:22:35','Thank you. Your report was successfully submitted.'),(1520,2106,6,'2012-10-01 18:22:37','Thank you. Your report was successfully submitted.'),(1521,2107,28,'2012-10-01 18:33:20','Thank you. Your report was successfully submitted.'),(1522,2108,28,'2012-10-01 18:33:21','Thank you. Your report was successfully submitted.'),(1523,2109,6,'2012-10-01 18:33:22','Thank you. Your report was successfully submitted.'),(1524,2110,55,'2012-10-01 18:33:22','Thank you. Your report was successfully submitted.'),(1525,2111,6,'2012-10-01 18:33:23','Patient has been created'),(1526,2112,55,'2012-10-01 18:33:24','Thank you. Your report was successfully submitted.'),(1527,2113,6,'2012-10-01 18:33:24','Thank you. Your report was successfully submitted.'),(1528,2114,6,'2012-10-01 18:33:26','Thank you. Your report was successfully submitted.'),(1529,2115,6,'2012-10-01 18:33:27','Thank you. Your report was successfully submitted.'),(1530,2116,28,'2012-10-01 18:33:28','Thank you. Your report was successfully submitted.'),(1531,2117,28,'2012-10-01 18:33:28','Thank you. Your report was successfully submitted.'),(1532,2118,6,'2012-10-01 18:33:29','Thank you. Your report was successfully submitted.'),(1533,2119,55,'2012-10-01 18:33:30','Thank you. Your report was successfully submitted.'),(1534,2120,6,'2012-10-01 18:33:31','Patient has been created'),(1535,2121,55,'2012-10-01 18:33:32','Thank you. Your report was successfully submitted.'),(1536,2122,6,'2012-10-01 18:33:33','Thank you. Your report was successfully submitted.'),(1537,2123,6,'2012-10-01 18:33:34','Thank you. Your report was successfully submitted.'),(1538,2124,6,'2012-10-01 18:33:35','Thank you. Your report was successfully submitted.'),(1539,2125,28,'2012-10-01 18:33:36','Thank you. Your report was successfully submitted.'),(1540,2126,28,'2012-10-01 18:33:36','Thank you. Your report was successfully submitted.'),(1541,2127,6,'2012-10-01 18:33:37','Thank you. Your report was successfully submitted.'),(1542,2128,55,'2012-10-01 18:33:38','Thank you. Your report was successfully submitted.'),(1543,2129,6,'2012-10-01 18:33:39','Patient has been created'),(1544,2130,55,'2012-10-01 18:33:39','Thank you. Your report was successfully submitted.'),(1545,2131,6,'2012-10-01 18:33:40','Thank you. Your report was successfully submitted.'),(1546,2132,6,'2012-10-01 18:33:40','Thank you. Your report was successfully submitted.'),(1547,2133,6,'2012-10-01 18:33:41','This kit is open and cannot be assigned to facility'),(1548,2134,28,'2012-10-01 18:33:42','Thank you. Your report was successfully submitted.'),(1549,2135,28,'2012-10-01 18:33:43','Thank you. Your report was successfully submitted.'),(1550,2136,6,'2012-10-01 18:33:44','Thank you. Your report was successfully submitted.'),(1551,2137,55,'2012-10-01 18:33:44','Thank you. Your report was successfully submitted.'),(1552,2138,6,'2012-10-01 18:33:45','Thank you. Your report was successfully submitted.'),(1553,2139,6,'2012-10-01 18:33:46','Thank you. Your report was successfully submitted.'),(1554,2140,6,'2012-10-01 18:33:47','Thank you. Your report was successfully submitted.'),(1555,2141,28,'2012-10-01 18:33:47','Thank you. Your report was successfully submitted.'),(1556,2142,28,'2012-10-01 18:33:48','Thank you. Your report was successfully submitted.'),(1557,2143,6,'2012-10-01 18:33:49','Thank you. Your report was successfully submitted.'),(1558,2144,6,'2012-10-01 18:33:49','Thank you. Your report was successfully submitted.'),(1559,2145,55,'2012-10-01 18:33:50','Thank you. Your report was successfully submitted.'),(1560,2146,6,'2012-10-01 18:33:51','Patient has been created'),(1561,2147,55,'2012-10-01 18:33:51','Thank you. Your report was successfully submitted.'),(1562,2148,6,'2012-10-01 18:33:52','Thank you. Your report was successfully submitted.'),(1563,2149,6,'2012-10-01 18:33:53','Thank you. Your report was successfully submitted.'),(1564,2150,28,'2012-10-01 18:33:54','Thank you. Your report was successfully submitted.'),(1565,2151,6,'2012-10-01 18:33:55','Thank you. Your report was successfully submitted.'),(1566,2152,28,'2012-10-01 18:33:56','Thank you. Your report was successfully submitted.'),(1567,2153,55,'2012-10-01 18:33:56','Thank you. Your report was successfully submitted.'),(1568,2154,6,'2012-10-01 18:33:57','Thank you. Your report was successfully submitted.'),(1569,2155,55,'2012-10-01 18:33:58','Thank you. Your report was successfully submitted.'),(1570,2156,28,'2012-10-01 18:33:58','Patient has been created'),(1571,2157,28,'2012-10-01 18:33:59','Thank you. Your report was successfully submitted.'),(1572,2158,28,'2012-10-01 18:34:00','Thank you. Your report was successfully submitted.'),(1573,2159,55,'2012-10-01 18:34:01','Thank you. Your report was successfully submitted.'),(1574,2160,55,'2012-10-01 18:34:01','Thank you. Your report was successfully submitted.'),(1575,2161,55,'2012-10-01 18:34:02','Thank you. Your report was successfully submitted.'),(1576,2162,6,'2012-10-01 18:34:03','Thank you. Your report was successfully submitted.'),(1577,2163,55,'2012-10-01 18:34:04','Thank you. Your report was successfully submitted.'),(1578,2164,28,'2012-10-01 18:34:04','Patient has been created'),(1579,2165,28,'2012-10-01 18:34:05','Thank you. Your report was successfully submitted.');
/*!40000 ALTER TABLE `messagesents` ENABLE KEYS */;
UNLOCK TABLES;

--
-- Table structure for table `patients`
--

DROP TABLE IF EXISTS `patients`;
/*!40101 SET @saved_cs_client     = @@character_set_client */;
/*!40101 SET character_set_client = utf8 */;
CREATE TABLE `patients` (
  `id` int(11) NOT NULL AUTO_INCREMENT,
  `number` varchar(35) DEFAULT NULL,
  `created` datetime DEFAULT NULL,
  `consent` int(1) DEFAULT NULL,
  `location_id` int(11) DEFAULT NULL,
  PRIMARY KEY (`id`),
  UNIQUE KEY `pateintnumberuniq` (`number`)
) ENGINE=InnoDB AUTO_INCREMENT=30 DEFAULT CHARSET=latin1;
/*!40101 SET character_set_client = @saved_cs_client */;

--
-- Dumping data for table `patients`
--

LOCK TABLES `patients` WRITE;
/*!40000 ALTER TABLE `patients` DISABLE KEYS */;
INSERT INTO `patients` VALUES (1,'43184111','2011-10-04 16:13:12',1,5),(2,'43185111','2011-07-07 00:00:00',0,5),(3,'43181234','2011-07-07 10:50:16',1,5),(4,'999999',NULL,1,NULL),(5,'P123452','2012-08-09 18:23:25',1,1),(6,'P123453','2012-08-09 18:25:55',1,1),(7,'4351','2012-08-09 18:27:06',1,1),(8,'P123454','2012-08-09 18:27:39',1,1),(9,'P123456','2012-08-15 18:31:31',1,14),(10,'P000011','2012-08-15 18:38:02',1,1),(11,'P565656','2012-08-16 18:49:43',1,3),(12,'P123451','2012-09-21 13:05:34',1,11),(13,'P000012','2012-09-25 12:58:31',1,11),(14,'7000012','2012-09-25 13:12:47',1,11),(15,'P000099','2012-09-26 19:04:41',1,10),(16,'P000098','2012-10-01 18:21:36',1,10),(17,'7000013','2012-10-01 18:21:54',1,3),(18,'7000014','2012-10-01 18:22:04',1,3),(19,'7000015','2012-10-01 18:22:10',1,3),(20,'7000016','2012-10-01 18:22:16',1,3),(21,'7000017','2012-10-01 18:22:21',1,3),(22,'7000018','2012-10-01 18:22:28',1,3),(23,'7000019','2012-10-01 18:22:34',1,3),(24,'7000213','2012-10-01 18:33:23',1,3),(25,'7000214','2012-10-01 18:33:31',1,3),(26,'7000215','2012-10-01 18:33:39',1,3),(27,'7000217','2012-10-01 18:33:51',1,3),(28,'7000218','2012-10-01 18:33:58',1,5),(29,'7000219','2012-10-01 18:34:04',1,5);
/*!40000 ALTER TABLE `patients` ENABLE KEYS */;
UNLOCK TABLES;

--
-- Table structure for table `phones`
--

DROP TABLE IF EXISTS `phones`;
/*!40101 SET @saved_cs_client     = @@character_set_client */;
/*!40101 SET character_set_client = utf8 */;
CREATE TABLE `phones` (
  `id` int(11) NOT NULL AUTO_INCREMENT,
  `phonenumber` varchar(12) DEFAULT NULL,
  `active` int(1) NOT NULL,
  `location_id` int(11) DEFAULT NULL,
  `name` varchar(30) NOT NULL,
  `deleted` int(1) DEFAULT '0',
  PRIMARY KEY (`id`)
) ENGINE=InnoDB AUTO_INCREMENT=65 DEFAULT CHARSET=latin1;
/*!40101 SET character_set_client = @saved_cs_client */;

--
-- Dumping data for table `phones`
--

LOCK TABLES `phones` WRITE;
/*!40000 ALTER TABLE `phones` DISABLE KEYS */;
INSERT INTO `phones` VALUES (3,'+15559342341',1,1,'Dean Keaton',0),(4,'+15559922431',1,6,'Roger Kint',0),(5,'+15559945722',1,9,'Dave Kujan',0),(6,'+15553993131',1,3,'Michael McManus',0),(8,'+15559913352',1,3,'Todd Hockney',0),(27,'+15553349901',1,3,'Fred Fenster',0),(28,'+15559934234',1,5,'Mr. Kobayashi',0),(35,'+15559009119',1,5,'Edie Finneran',0),(37,'+15559947675',1,5,'Jack Baer',0),(39,'+15559921167',1,3,'Jeffrey Rabin',0),(41,'+15559811021',1,11,'Redfoot',0),(43,'+15557740586',1,3,'Keyser Soze',0),(45,'+15554316211',1,5,'Gabriel Byrne',0),(47,'+15556110547',1,5,'Suzy Amis',0),(49,'+19193604046',0,5,'Kevin Pollak',0),(53,'+19195416207',0,5,'Pete Postlethwaite',0),(54,'+19195416000',0,5,'Dan Hedaya',0),(55,'+19194382549',1,10,'Peter Greene',0),(56,'+19198844234',0,5,'Chazz Palminteri',0),(57,'+19192349341',0,5,'Bryan Singer',0),(58,'+15558837599',1,5,'Arturo Marquez',0),(59,'+15553423213',0,5,'Charles Baudelaire',0),(60,'+15558873342',1,NULL,'John Ottman',0),(61,' 15558837591',0,NULL,'Unknown',0),(64,' 34988441277',0,NULL,'Unknown',0);
/*!40000 ALTER TABLE `phones` ENABLE KEYS */;
UNLOCK TABLES;

--
-- Table structure for table `quantities`
--

DROP TABLE IF EXISTS `quantities`;
/*!40101 SET @saved_cs_client     = @@character_set_client */;
/*!40101 SET character_set_client = utf8 */;
CREATE TABLE `quantities` (
  `id` int(11) NOT NULL AUTO_INCREMENT,
  `location_id` int(11) DEFAULT NULL,
  `item_id` int(11) DEFAULT NULL,
  `quantity` int(11) DEFAULT NULL,
  PRIMARY KEY (`id`)
) ENGINE=InnoDB AUTO_INCREMENT=9 DEFAULT CHARSET=latin1;
/*!40101 SET character_set_client = @saved_cs_client */;

--
-- Dumping data for table `quantities`
--

LOCK TABLES `quantities` WRITE;
/*!40000 ALTER TABLE `quantities` DISABLE KEYS */;
INSERT INTO `quantities` VALUES (4,10,NULL,8),(5,1,NULL,4),(6,5,NULL,1),(7,3,NULL,6),(8,11,NULL,1);
/*!40000 ALTER TABLE `quantities` ENABLE KEYS */;
UNLOCK TABLES;

--
-- Table structure for table `rawreports`
--

DROP TABLE IF EXISTS `rawreports`;
/*!40101 SET @saved_cs_client     = @@character_set_client */;
/*!40101 SET character_set_client = utf8 */;
CREATE TABLE `rawreports` (
  `id` int(11) NOT NULL AUTO_INCREMENT,
  `raw_message` varchar(160) NOT NULL,
  `message_code` varchar(90) NOT NULL,
  `created` datetime NOT NULL,
  `phone_id` int(11) DEFAULT NULL,
  PRIMARY KEY (`id`)
) ENGINE=InnoDB AUTO_INCREMENT=3907 DEFAULT CHARSET=latin1;
/*!40101 SET character_set_client = @saved_cs_client */;

--
-- Dumping data for table `rawreports`
--

LOCK TABLES `rawreports` WRITE;
/*!40000 ALTER TABLE `rawreports` DISABLE KEYS */;
INSERT INTO `rawreports` VALUES (46,'absc 78 0724008230','OK','2010-08-31 11:20:06',12),(47,'meb 4 0724008230','OK','2010-08-31 11:20:47',6),(48,'ivm 125 0724008230','OK','2010-08-31 11:21:08',6),(49,'abcd 92 0724008230','OK','2010-08-31 11:21:58',6),(50,'ivm 12 0724008229','OK','2010-08-31 11:23:05',5),(51,'ivm 12 0724008231','OK','2010-08-31 11:25:04',8),(52,'abcd 85 0724008231','OK','2010-08-31 11:25:39',8),(53,'abcd 52 0724008226','OK','2010-08-31 11:26:05',2),(54,'abcd po 0724008226','Quantity must be numeric.','2010-08-31 11:34:46',2),(55,'abcdp 51 0724008226','Drug/Treatment code incorrect.','2010-08-31 11:34:56',2),(56,'a 51 0724008226','Drug/Treatment code incorrect.','2010-08-31 11:35:06',2),(57,'51 0724008226 ','Incompelete argument set.','2010-08-31 11:35:22',-1),(58,'absc 63 0724008226','OK','2010-08-31 12:24:03',2),(59,'ivm 63 0724008226','OK','2010-08-31 12:25:41',2),(60,'ivm 47 0724008226','OK','2010-08-31 12:26:25',2),(61,'alb 152 0724008227','OK','2010-08-31 12:27:23',3),(62,'alb 151 0724008227','OK','2010-08-31 12:33:06',3),(63,'abcd po 0724008226','Quantity must be numeric.','2010-08-31 12:34:19',2),(64,'abcd 8 0724008226','OK','2010-08-31 12:34:26',2),(65,'abcd 18 0724008227','OK','2010-08-31 12:35:00',3),(66,'abcd 19 0724008228','OK','2010-08-31 12:35:25',4),(67,'abcd 29 0724008229','OK','2010-08-31 12:35:34',5),(68,'abcd 30 0724008230','OK','2010-08-31 12:36:20',6),(69,'zts 74 0724008230','OK','2010-08-31 12:36:52',6),(70,'ivm 253 0724008231','OK','2010-08-31 13:23:51',8),(71,'abcd 25 0724008231','OK','2010-08-31 13:24:03',8),(72,'ABCD 25 0724008231','OK','2010-09-30 04:27:47',8),(73,'ABCD 151 0724008231','OK','2010-09-30 04:29:48',8),(74,'meb 6 0724008226','OK','2010-09-30 04:36:50',2),(75,'meb 6 0724008226','OK','2010-09-30 04:48:37',2),(76,'meb 9 0724008226','OK','2010-09-30 05:05:46',2),(77,'meb 9 0724008226','OK','2010-09-30 05:06:16',2),(78,'meb 9 0724008226','OK','2010-09-30 05:06:38',2),(79,'meb 9 0724008226','OK','2010-09-30 05:07:59',2),(80,'meb 10 0724008226','OK','2010-09-30 05:09:31',2),(81,'meb 10 0724008226','OK','2010-09-30 05:09:50',2),(82,'meb 15 0724008226','OK','2010-09-30 05:10:10',2),(83,'meb 21 0724008226','OK','2010-09-30 05:10:47',2),(84,'meb 21 0724008226','OK','2010-09-30 05:26:15',2),(85,'meb 25 0724008226','OK','2010-09-30 05:26:23',2),(86,'meb 27 0724008226','OK','2010-09-30 06:15:13',2),(87,'meb 27 0724008226','OK','2010-09-30 07:30:39',2),(88,'testing live','OK','2010-10-01 10:48:27',12),(89,'ABCD 151 0724008231','OK','2010-10-01 13:08:31',8),(90,'ABCD 151 0724008231','OK','2010-10-05 13:04:40',8),(92,'IVM 256 724008226','OK FLSMS','2010-10-25 11:00:51',2),(93,'ALB 256 724008226','OK FLSMS','2010-10-25 11:03:50',2),(94,'LOPP 256 724008226','OK FLSMS','2010-10-25 11:07:27',2),(95,'ABCD 256 724008226','OK FLSMS','2010-10-25 11:08:46',2),(3696,'IVM 50 +19193604046','FLSMS: OK','2010-11-25 16:40:01',28),(3697,'ALB 100 +19193604046','FLSMS: OK','2010-11-25 16:40:02',28),(3698,'ALB 100 +19193604046','FLSMS: OK','2010-11-25 16:40:03',28),(3699,'IVM 50 +19193604046','FLSMS: OK','2010-11-25 16:40:04',28),(3700,'IVM 65 +19193604046','FLSMS: OK','2010-11-25 16:40:05',28),(3701,'TEST 125 +19193604046','FLSMS: Treatment ID doesn\'t exist: TEST','2010-11-25 16:40:06',28),(3702,'ANOTHER TEST 999 +19193604046','FLSMS: Drug/Treatment ID incorrect.','2010-11-25 16:40:07',28),(3703,'TEST 125 +19193604046','FLSMS: Treatment ID doesn\'t exist: TEST','2010-11-25 16:40:08',28),(3704,'JJJJ 999 +19193604046','FLSMS: Treatment ID doesn\'t exist: JJJJ','2010-11-25 16:40:09',28),(3705,'YUKKU 552 +19193604046','FLSMS: Drug/Treatment ID incorrect.','2010-11-25 16:40:10',28),(3706,'TEST 100 +19193604046','FLSMS: Treatment ID doesn\'t exist: TEST','2010-11-25 16:40:11',28),(3707,'BOMI 800 +19193604046','FLSMS: Treatment ID doesn\'t exist: BOMI','2010-11-25 16:40:12',28),(3708,'ABCD 666 +19193604046','FLSMS: OK','2010-11-25 16:40:13',28),(3709,'ABCD 999 +19193604046','FLSMS: OK','2010-11-25 16:40:14',28),(3710,'MERC 15 +19193604046','FLSMS: Treatment ID doesn\'t exist: MERC','2010-11-25 16:40:15',28),(3711,'ALB 15 +19193604046','FLSMS: OK','2010-11-25 16:40:16',28),(3712,'ALB 15 +19193604046','FLSMS: OK','2010-11-25 16:40:17',28),(3713,'MSF 500 +19193604046','FLSMS: Drug ID doesn\'t exist: MSF','2010-11-25 16:40:18',28),(3714,'MAUD 522 +19193604046','FLSMS: Treatment ID doesn\'t exist: MAUD','2010-11-25 16:40:19',28),(3715,'JMHJ 100 +19193604046','FLSMS: Treatment ID doesn\'t exist: JMHJ','2010-11-25 16:40:20',28),(3716,'ALB 8888 +19193604046','FLSMS: OK','2010-11-25 16:40:21',28),(3717,' 0 +19193604046','FLSMS: incomplete data: cannot import','2010-11-25 16:40:22',28),(3718,' 0 +19193604046','FLSMS: incomplete data: cannot import','2010-11-25 16:40:23',28),(3719,' 0 +19193604046','FLSMS: incomplete data: cannot import','2010-11-25 16:40:24',28),(3720,'ALB 500 +19193604046','FLSMS: OK','2010-11-25 16:40:25',28),(3721,'ALB 500 +19193604046','FLSMS: OK','2010-11-25 16:40:26',28),(3722,'ALB 500 +19193604046','FLSMS: OK','2010-11-25 16:40:27',28),(3723,' 0 +19193604046','FLSMS: incomplete data: cannot import','2010-11-25 16:40:28',28),(3724,'ALB 500 +19193604046','FLSMS: OK','2010-11-25 16:40:29',28),(3725,' 0 +19193604046','FLSMS: incomplete data: cannot import','2010-11-25 16:40:30',28),(3726,' 0 +19193604046','FLSMS: incomplete data: cannot import','2010-11-25 16:40:31',28),(3727,' 0 +27724008226','FLSMS: incomplete data: cannot import','2010-11-25 16:40:32',22),(3728,' 0 +27724008226','FLSMS: incomplete data: cannot import','2010-11-25 16:40:33',22),(3729,'ALB 123 +27724008226','FLSMS: OK','2010-11-25 16:40:34',22),(3730,' 0 +27724008226','FLSMS: incomplete data: cannot import','2010-11-25 16:40:35',22),(3731,' 0 +27724008226','FLSMS: incomplete data: cannot import','2010-11-25 16:40:36',22),(3732,' 0 +27724008226','FLSMS: incomplete data: cannot import','2010-11-25 16:40:37',22),(3733,' 0 +27724008226','FLSMS: incomplete data: cannot import','2010-11-25 16:40:38',22),(3734,' 0 +27724008226','FLSMS: incomplete data: cannot import','2010-11-25 16:40:39',22),(3735,' 0 +27724008226','FLSMS: incomplete data: cannot import','2010-11-25 16:40:40',22),(3736,' 0 +27724008226','FLSMS: incomplete data: cannot import','2010-11-25 16:40:41',22),(3737,' 0 +27724008226','FLSMS: incomplete data: cannot import','2010-11-25 16:40:42',22),(3738,'IVM 25 +27724008226','FLSMS: OK','2010-11-25 16:40:43',22),(3739,'JMJ 589 +27724008226','FLSMS: Drug ID doesn\'t exist: JMJ','2010-11-25 16:40:44',22),(3740,'PMIX 1235 +27724008226','FLSMS: Treatment ID doesn\'t exist: PMIX','2010-11-25 16:40:45',22),(3741,'PIMX 1256 +27724008226','FLSMS: Treatment ID doesn\'t exist: PIMX','2010-11-25 16:40:46',22),(3742,'IVR 5000 +19193604046','FLSMS: Drug ID doesn\'t exist: IVR','2010-11-25 16:40:47',28),(3743,' 0 +19193604046','FLSMS: incomplete data: cannot import','2010-11-25 16:40:48',28),(3744,' 0 +19193604046','FLSMS: incomplete data: cannot import','2010-11-25 16:40:49',28),(3745,'ZMO 10000 +19193604046','FLSMS: Drug ID doesn\'t exist: ZMO','2010-11-25 16:40:50',28),(3746,'MEC 10000 +19193604046','FLSMS: Drug ID doesn\'t exist: MEC','2010-11-25 16:40:51',28),(3747,'PZQ 10000 +19193604046','FLSMS: OK','2010-11-25 16:40:52',28),(3748,'zmt 10000 +19193604046','FLSMS: Drug ID doesn\'t exist: zmt','2010-11-25 16:40:53',28),(3749,'IVR 10000 +19193604046','FLSMS: Drug ID doesn\'t exist: IVR','2010-11-25 16:40:54',28),(3750,'ALB 10000 +19193604046','FLSMS: OK','2010-11-25 16:40:55',28),(3751,'PIMX 5000 +19193604046','FLSMS: Treatment ID doesn\'t exist: PIMX','2010-11-25 16:40:56',28),(3752,'ZAXX 5000 +19193604046','FLSMS: Treatment ID doesn\'t exist: ZAXX','2010-11-25 16:40:57',28),(3753,' 0 +19193604046','FLSMS: incomplete data: cannot import','2010-11-25 16:40:58',28),(3754,'ZTT 123 +27724008226','FLSMS: OK','2010-11-25 16:40:59',22),(3755,'DERT 1112552 +27724008226','FLSMS: OK','2010-11-25 16:41:00',22),(3756,'MEB 123 +27724008226','FLSMS: OK','2010-11-25 16:41:01',22),(3757,'IVM 9999 +27724008226','FLSMS: OK','2010-11-25 16:41:02',22),(3758,'DERT 9999 +27724008226','FLSMS: OK','2010-11-25 16:41:03',22),(3759,'','Manual assignmnet','2011-06-02 01:49:04',NULL),(3760,'','Manual assignmnet','2011-06-02 01:51:41',NULL),(3761,'','Manual assignmnet','2011-06-02 01:54:14',NULL),(3762,'','Manual assignmnet','2011-06-02 02:00:24',NULL),(3763,'','Manual assignmnet','2011-06-02 02:00:58',NULL),(3764,'','Manual assignmnet','2011-06-02 02:01:38',NULL),(3765,'','Manual assignmnet','2011-06-02 02:02:26',NULL),(3766,'','Manual assignmnet','2011-06-02 02:03:34',NULL),(3767,'','Manual assignmnet','2011-06-02 02:04:39',NULL),(3768,'','Manual assignmnet','2011-06-02 02:09:14',NULL),(3769,'','Manual assignmnet','2011-06-02 02:11:25',NULL),(3770,'','Manual assignmnet','2011-06-02 02:12:11',NULL),(3771,'','Manual assignmnet','2011-06-02 02:21:35',NULL),(3772,'','','2011-06-02 14:21:36',NULL),(3773,'','Manual assignmnet','2011-06-02 02:27:37',NULL),(3774,'','Manual assignmnet','0000-00-00 00:00:00',NULL),(3775,'','Manual assignmnet','2011-06-02 02:31:09',NULL),(3776,'','Manual assignmnet','0000-00-00 00:00:00',NULL),(3777,'','Manual assignmnet','2011-06-02 02:41:55',NULL),(3778,'','Manual assignmnet','0000-00-00 00:00:00',NULL),(3779,'','Manual assignmnet','2011-06-02 02:44:56',NULL),(3780,'','Manual assignmnet','0000-00-00 00:00:00',NULL),(3781,'','Manual assignmnet','2011-06-02 02:45:41',NULL),(3782,'','Manual assignmnet','0000-00-00 00:00:00',NULL),(3783,'','Manual assignmnet','2011-06-02 02:46:44',NULL),(3784,'','Manual assignmnet','0000-00-00 00:00:00',NULL),(3785,'','Manual assignmnet','2011-06-02 02:47:44',NULL),(3786,'','Manual assignmnet','0000-00-00 00:00:00',NULL),(3787,'','Manual assignmnet','2011-06-02 02:49:20',NULL),(3788,'','Manual assignmnet','2011-06-02 14:49:20',NULL),(3789,'','Manual assignmnet','2011-06-02 14:50:43',NULL),(3790,'','Manual assignmnet','2011-06-02 14:51:31',NULL),(3791,'','Manual assignmnet','2011-06-02 14:53:46',NULL),(3792,'','Manual assignmnet','2011-06-02 15:32:30',NULL),(3793,'','Manual assignmnet','2011-06-03 09:26:48',NULL),(3794,'','Manual assignmnet','2011-06-03 09:59:19',NULL),(3795,'Manual assignmnet','Manual assignmnet','2011-06-03 10:00:15',NULL),(3796,'Manual assignmnet','Manual assignmnet','2011-06-03 10:00:30',NULL),(3797,'Manual assignmnet','Manual assignmnet','2011-06-03 10:38:18',NULL),(3798,'Manual assignmnet','Manual assignmnet','2011-06-03 10:48:50',NULL),(3799,'Manual assignmnet','Manual assignmnet','2011-06-03 12:12:21',NULL),(3800,'Manual assignmnet','Manual assignmnet','2011-06-03 12:12:36',NULL),(3801,'Manual assignmnet','Manual assignmnet','2011-06-03 12:13:52',NULL),(3802,'Manual assignmnet','Manual assignmnet','2011-06-03 12:14:46',NULL),(3803,'Manual assignmnet','Manual assignmnet','2011-06-03 12:54:34',NULL),(3804,'Manual assignmnet','Manual assignmnet','2011-06-03 13:16:18',NULL),(3805,'Manual assignmnet','Manual assignmnet','2011-06-03 13:16:59',NULL),(3806,'Manual assignmnet','Manual assignmnet','2011-06-03 13:22:23',NULL),(3807,'Manual assignmnet','Manual assignmnet','2011-06-03 13:24:50',NULL),(3808,'Manual assignmnet','Manual assignmnet','2011-06-03 13:34:51',NULL),(3809,'Manual assignmnet','Manual assignmnet','2011-06-03 13:35:58',NULL),(3810,'Manual assignmnet','Manual assignmnet','2011-06-03 13:37:20',NULL),(3811,'Manual assignmnet','Manual assignmnet','2011-06-03 13:53:55',NULL),(3812,'Manual assignmnet','Manual assignmnet','2011-06-03 13:54:06',NULL),(3813,'Manual assignmnet','Manual assignmnet','2011-06-03 14:12:06',NULL),(3814,'Manual assignmnet','Manual assignmnet','2011-06-03 14:12:46',NULL),(3815,'Manual assignmnet','Manual assignmnet','2011-06-03 14:13:01',NULL),(3816,'Manual assignmnet','Manual assignmnet','2011-06-03 14:13:24',NULL),(3817,'Manual assignmnet','Manual assignmnet','2011-06-03 14:14:04',NULL),(3818,'Manual assignmnet','Manual assignmnet','2011-06-03 14:14:37',NULL),(3819,'Manual assignmnet','Manual assignmnet','2011-06-03 14:14:52',NULL),(3820,'Manual assignmnet','Manual assignmnet','2011-06-03 14:15:04',NULL),(3821,'Manual assignmnet','Manual assignmnet','2011-06-03 14:50:47',NULL),(3822,'Manual assignmnet','Manual assignmnet','2011-06-03 15:04:05',NULL),(3823,'Manual assignmnet','Manual assignmnet','2011-06-03 15:21:03',NULL),(3824,'Manual assignmnet','Manual assignmnet','2011-06-03 15:22:00',NULL),(3826,'Manual assignmnet','Manual assignmnet','2011-06-03 15:27:05',NULL),(3827,'Manual assignmnet','Manual assignmnet','2011-06-03 15:47:41',NULL),(3828,'Manual assignmnet','Manual assignmnet','2011-06-03 15:51:08',NULL),(3829,'Manual assignmnet','Manual assignmnet','2011-06-03 15:56:31',NULL),(3831,'Manual assignmnet','Manual assignmnet','2011-06-03 15:58:21',NULL),(3836,'Manual assignmnet','Manual assignmnet','2011-06-03 16:22:05',NULL),(3837,'Manual assignmnet','Manual assignmnet','2011-06-03 16:27:00',NULL),(3838,'Manual assignmnet','Manual assignmnet','2011-06-03 16:27:19',NULL),(3840,'Manual assignmnet','Manual assignmnet','2011-06-03 16:30:35',NULL),(3841,'Manual assignmnet','Manual assignmnet','2011-06-03 16:30:52',NULL),(3842,'Manual assignmnet','Manual assignmnet','2011-06-03 16:31:09',NULL),(3843,'Manual assignmnet','Manual assignmnet','2011-06-03 16:31:26',NULL),(3844,'Manual assignmnet','Manual assignmnet','2011-06-03 16:31:38',NULL),(3845,'Manual assignmnet','Manual assignmnet','2011-06-03 16:31:58',NULL),(3846,'Manual assignmnet','Manual assignmnet','2011-06-03 16:33:45',NULL),(3847,'Manual assignmnet','Manual assignmnet','2011-06-03 16:34:00',NULL),(3848,'Manual assignmnet','Manual assignmnet','2011-06-03 16:34:15',NULL),(3850,'Manual assignmnet','Manual assignmnet','2011-06-03 16:35:14',NULL),(3851,'Manual assignmnet','Manual assignmnet','2011-06-03 16:35:31',NULL),(3852,'Manual assignmnet','Manual assignmnet','2011-06-03 16:35:45',NULL),(3853,'Manual assignmnet','Manual assignmnet','2011-06-03 16:35:59',NULL),(3854,'Manual assignmnet','Manual assignmnet','2011-06-06 10:28:33',NULL),(3855,'Manual assignmnet','Manual assignmnet','2011-06-06 10:38:35',NULL),(3856,'Manual assignmnet','Manual assignmnet','2011-06-06 10:51:52',NULL),(3857,'Manual assignmnet','Manual assignmnet','2011-06-06 10:52:49',NULL),(3858,'Manual assignmnet','Manual assignmnet','2011-06-06 11:21:16',NULL),(3859,'Manual assignmnet','Manual assignmnet','2011-06-06 11:24:57',NULL),(3860,'Manual assignmnet','Manual assignmnet','2011-06-06 11:25:52',NULL),(3861,'Manual assignmnet','Manual assignmnet','2011-06-06 11:29:47',NULL),(3862,'Manual assignmnet','Manual assignmnet','2011-06-06 15:35:50',NULL),(3863,'Manual assignmnet','Manual assignmnet','2011-06-22 09:00:35',NULL),(3864,'Manual assignmnet','Manual assignmnet','2011-06-22 09:06:04',NULL),(3865,'Manual assignmnet','Manual assignmnet','2011-06-22 09:49:02',NULL),(3866,'Manual assignmnet','Manual assignmnet','2011-06-28 16:14:52',NULL),(3867,'Manual assignmnet','Manual assignmnet','2011-06-29 07:40:50',NULL),(3868,'Manual assignmnet','Manual assignmnet','2011-06-29 08:25:23',NULL),(3869,'Manual assignmnet','Manual assignmnet','2011-06-29 08:25:43',NULL),(3870,'Manual assignmnet','Manual assignmnet','2011-06-29 08:25:57',NULL),(3871,'Manual assignmnet','Manual assignmnet','2011-06-29 08:26:09',NULL),(3872,'Manual assignmnet','Manual assignmnet','2011-06-29 08:35:31',NULL),(3873,'Manual assignmnet','Manual assignmnet','2011-06-29 08:36:50',NULL),(3874,'Manual assignmnet','Manual assignmnet','2011-06-29 10:17:39',NULL),(3875,'Manual assignmnet','Manual assignmnet','2011-06-29 10:21:06',NULL),(3876,'Manual assignmnet','Manual assignmnet','2011-06-29 10:22:40',NULL),(3878,'Manual assignmnet','Manual assignmnet','2011-06-29 10:38:46',NULL),(3879,'Manual assignmnet','Manual assignmnet','2011-06-29 10:38:58',NULL),(3880,'Manual assignmnet','Manual assignmnet','2011-06-29 10:39:27',NULL),(3881,'Manual assignmnet','Manual assignmnet','2011-06-29 10:39:46',NULL),(3882,'Manual assignmnet','Manual assignmnet','2011-06-29 10:39:59',NULL),(3883,'Manual assignmnet','Manual assignmnet','2011-06-29 10:40:16',NULL),(3884,'Manual assignmnet','Manual assignmnet','2011-06-29 10:40:48',NULL),(3885,'Manual assignmnet','Manual assignmnet','2011-06-29 10:42:41',NULL),(3886,'Manual assignmnet','Manual assignmnet','2011-06-29 11:51:15',NULL),(3887,'Manual assignmnet','Manual assignmnet','2011-06-29 11:52:01',NULL),(3888,'Manual assignmnet','Manual assignmnet','2011-06-29 11:53:19',NULL),(3889,'Manual assignmnet','Manual assignmnet','2011-06-29 11:53:32',NULL),(3890,'Manual assignmnet','Manual assignmnet','2011-06-29 11:54:11',NULL),(3891,'Manual assignmnet','Manual assignmnet','2011-06-29 11:54:24',NULL),(3892,'Manual assignmnet','Manual assignmnet','2011-06-29 11:55:13',NULL),(3893,'Manual assignmnet','Manual assignmnet','2011-06-29 11:55:23',NULL),(3894,'Manual assignmnet','Manual assignmnet','2011-06-29 12:20:33',NULL),(3895,'Manual assignmnet','Manual assignmnet','2011-06-29 12:23:17',NULL),(3896,'Manual assignmnet','Manual assignmnet','2011-06-29 12:42:13',NULL),(3897,'Manual assignmnet','Manual assignmnet','2011-06-29 12:42:29',NULL),(3898,'Manual assignmnet','Manual assignmnet','2011-06-29 12:43:16',NULL),(3899,'Manual assignmnet','Manual assignmnet','2011-06-29 12:53:46',NULL),(3900,'Manual assignmnet','Manual assignmnet','2011-06-29 13:01:06',NULL),(3901,'Manual assignmnet','Manual assignmnet','2011-06-29 13:01:21',NULL),(3902,'Manual assignmnet','Manual assignmnet','2011-06-29 14:05:40',NULL),(3903,'Manual assignmnet','Manual assignmnet','2011-06-29 14:06:15',NULL),(3904,'Manual assignmnet','Manual assignmnet','2011-06-29 14:06:27',NULL),(3905,'Manual assignmnet','Manual assignmnet','2011-06-29 14:06:40',NULL),(3906,'Manual assignmnet','Manual assignmnet','2011-06-29 14:21:35',NULL);
/*!40000 ALTER TABLE `rawreports` ENABLE KEYS */;
UNLOCK TABLES;

--
-- Table structure for table `rest_logs`
--

DROP TABLE IF EXISTS `rest_logs`;
/*!40101 SET @saved_cs_client     = @@character_set_client */;
/*!40101 SET character_set_client = utf8 */;
CREATE TABLE `rest_logs` (
  `id` bigint(20) unsigned NOT NULL AUTO_INCREMENT,
  `class` varchar(40) CHARACTER SET utf8 COLLATE utf8_unicode_ci NOT NULL,
  `username` varchar(40) CHARACTER SET utf8 COLLATE utf8_unicode_ci NOT NULL,
  `controller` varchar(40) CHARACTER SET utf8 COLLATE utf8_unicode_ci NOT NULL,
  `action` varchar(40) CHARACTER SET utf8 COLLATE utf8_unicode_ci NOT NULL,
  `model_id` varchar(40) CHARACTER SET utf8 COLLATE utf8_unicode_ci NOT NULL,
  `ip` varchar(16) CHARACTER SET utf8 COLLATE utf8_unicode_ci NOT NULL,
  `requested` datetime NOT NULL,
  `apikey` varchar(64) CHARACTER SET utf8 COLLATE utf8_unicode_ci NOT NULL,
  `httpcode` smallint(3) unsigned NOT NULL,
  `error` varchar(255) CHARACTER SET utf8 COLLATE utf8_unicode_ci NOT NULL,
  `ratelimited` tinyint(1) unsigned NOT NULL,
  `data_in` text CHARACTER SET utf8 COLLATE utf8_unicode_ci NOT NULL,
  `meta` text CHARACTER SET utf8 COLLATE utf8_unicode_ci NOT NULL,
  `data_out` text CHARACTER SET utf8 COLLATE utf8_unicode_ci NOT NULL,
  `responded` datetime NOT NULL,
  `created` datetime NOT NULL,
  `modified` datetime NOT NULL,
  PRIMARY KEY (`id`)
) ENGINE=InnoDB DEFAULT CHARSET=utf8;
/*!40101 SET character_set_client = @saved_cs_client */;

--
-- Dumping data for table `rest_logs`
--

LOCK TABLES `rest_logs` WRITE;
/*!40000 ALTER TABLE `rest_logs` DISABLE KEYS */;
/*!40000 ALTER TABLE `rest_logs` ENABLE KEYS */;
UNLOCK TABLES;

--
-- Table structure for table `roles`
--

DROP TABLE IF EXISTS `roles`;
/*!40101 SET @saved_cs_client     = @@character_set_client */;
/*!40101 SET character_set_client = utf8 */;
CREATE TABLE `roles` (
  `id` int(11) NOT NULL AUTO_INCREMENT,
  `name` varchar(100) NOT NULL,
  `created` datetime DEFAULT NULL,
  `modified` datetime DEFAULT NULL,
  PRIMARY KEY (`id`)
) ENGINE=InnoDB AUTO_INCREMENT=5 DEFAULT CHARSET=latin1;
/*!40101 SET character_set_client = @saved_cs_client */;

--
-- Dumping data for table `roles`
--

LOCK TABLES `roles` WRITE;
/*!40000 ALTER TABLE `roles` DISABLE KEYS */;
INSERT INTO `roles` VALUES (1,'Administrator',NULL,'2011-09-01 16:20:09'),(2,'Moderator',NULL,'2011-09-01 11:27:16'),(3,'User',NULL,'2011-09-01 11:27:28'),(4,'API Access','2012-05-19 11:11:40','2012-05-19 11:11:40');
/*!40000 ALTER TABLE `roles` ENABLE KEYS */;
UNLOCK TABLES;

--
-- Table structure for table `stats`
--

DROP TABLE IF EXISTS `stats`;
/*!40101 SET @saved_cs_client     = @@character_set_client */;
/*!40101 SET character_set_client = utf8 */;
CREATE TABLE `stats` (
  `id` int(11) NOT NULL AUTO_INCREMENT,
  `quantity` int(5) NOT NULL,
  `created` datetime NOT NULL,
  `phone_id` int(11) NOT NULL,
  `location_id` int(11) DEFAULT NULL,
  `unit_id` int(11) DEFAULT NULL,
  `messagereceived_id` int(11) DEFAULT NULL,
  `user_id` int(11) DEFAULT NULL,
  `status_id` int(11) DEFAULT NULL,
  `patient_id` int(11) DEFAULT NULL,
  `modified` datetime DEFAULT NULL,
  `deleted_date` datetime DEFAULT NULL,
  `deleted` int(1) DEFAULT '0',
  PRIMARY KEY (`id`)
) ENGINE=InnoDB AUTO_INCREMENT=339 DEFAULT CHARSET=latin1;
/*!40101 SET character_set_client = @saved_cs_client */;

--
-- Dumping data for table `stats`
--

LOCK TABLES `stats` WRITE;
/*!40000 ALTER TABLE `stats` DISABLE KEYS */;
INSERT INTO `stats` VALUES (189,1,'2012-10-01 18:20:34',28,5,55,2008,NULL,2,NULL,'2012-10-01 18:20:34',NULL,0),(190,-1,'2012-10-01 18:20:47',28,5,55,2023,NULL,2,14,'2012-10-01 18:20:47',NULL,0),(191,1,'2012-10-01 18:20:51',28,5,56,2029,NULL,2,NULL,'2012-10-01 18:20:51',NULL,0),(192,0,'2012-10-01 18:20:56',28,5,56,2032,NULL,2,NULL,'2012-10-01 18:20:56',NULL,0),(193,-1,'2012-10-01 18:20:58',28,5,56,2033,NULL,2,13,'2012-10-01 18:20:58',NULL,0),(194,1,'2012-10-01 18:21:00',28,5,57,2035,NULL,2,NULL,'2012-10-01 18:21:00',NULL,0),(195,-1,'2012-10-01 18:21:02',28,5,57,2036,NULL,6,NULL,'2012-10-01 18:21:02',NULL,0),(196,1,'2012-10-01 18:21:02',28,3,57,2036,NULL,2,NULL,'2012-10-01 18:21:02',NULL,0),(197,-1,'2012-10-01 18:21:04',55,3,57,2037,NULL,6,NULL,'2012-10-01 18:21:04',NULL,0),(198,1,'2012-10-01 18:21:04',55,10,57,2037,NULL,2,NULL,'2012-10-01 18:21:04',NULL,0),(199,1,'2012-10-01 18:21:08',28,5,58,2040,NULL,2,NULL,'2012-10-01 18:21:08',NULL,0),(200,-1,'2012-10-01 18:21:10',28,5,58,2041,NULL,6,NULL,'2012-10-01 18:21:10',NULL,0),(201,1,'2012-10-01 18:21:10',28,10,58,2041,NULL,2,NULL,'2012-10-01 18:21:10',NULL,0),(202,0,'2012-10-01 18:21:12',55,10,58,2042,NULL,1,NULL,'2012-10-01 18:21:12',NULL,0),(203,-1,'2012-10-01 18:21:14',55,10,58,2043,NULL,2,5,'2012-10-01 18:21:14',NULL,0),(204,0,'2012-10-01 18:21:16',55,10,58,2044,NULL,1,5,'2012-10-01 18:21:16',NULL,0),(205,1,'2012-10-01 18:21:18',28,5,59,2045,NULL,2,NULL,'2012-10-01 18:21:18',NULL,0),(206,0,'2012-10-01 18:21:20',28,5,59,2046,NULL,1,NULL,'2012-10-01 18:21:20',NULL,0),(207,0,'2012-10-01 18:21:23',28,5,56,2047,NULL,1,13,'2012-10-01 18:21:23',NULL,0),(208,-1,'2012-10-01 18:21:25',6,5,59,2048,NULL,6,NULL,'2012-10-01 18:21:25',NULL,0),(209,1,'2012-10-01 18:21:25',6,3,59,2048,NULL,1,NULL,'2012-10-01 18:21:25',NULL,0),(210,-1,'2012-10-01 18:21:33',28,10,57,2052,NULL,6,NULL,'2012-10-01 18:21:33',NULL,0),(211,1,'2012-10-01 18:21:33',28,5,57,2052,NULL,1,NULL,'2012-10-01 18:21:33',NULL,0),(212,-1,'2012-10-01 18:21:35',28,5,57,2053,NULL,6,NULL,'2012-10-01 18:21:35',NULL,0),(213,0,'2012-10-01 18:21:35',28,5,57,2053,NULL,3,NULL,'2012-10-01 18:21:35',NULL,0),(214,1,'2012-08-12 18:21:48',28,5,60,2060,NULL,2,NULL,'2012-10-01 18:21:48',NULL,0),(215,-1,'2012-08-15 18:21:50',28,5,60,2061,NULL,6,NULL,'2012-10-01 18:21:50',NULL,0),(216,1,'2012-08-15 18:21:50',28,3,60,2061,NULL,2,NULL,'2012-10-01 18:21:50',NULL,0),(217,0,'2012-08-20 18:21:52',6,3,60,2062,NULL,1,NULL,'2012-10-01 18:21:52',NULL,0),(218,-1,'2012-08-25 18:21:56',6,3,60,2064,NULL,2,17,'2012-10-01 18:21:56',NULL,0),(219,0,'2012-08-30 18:21:57',6,3,60,2065,NULL,1,17,'2012-10-01 18:21:57',NULL,0),(220,0,'2012-09-02 18:22:00',28,5,60,2066,NULL,1,17,'2012-10-01 18:22:00',NULL,0),(221,1,'2012-08-12 18:22:01',28,5,61,2067,NULL,2,NULL,'2012-10-01 18:22:01',NULL,0),(222,-1,'2012-08-20 18:22:02',6,3,61,2068,NULL,6,NULL,'2012-10-01 18:22:03',NULL,0),(223,1,'2012-08-20 18:22:02',6,3,61,2068,NULL,1,NULL,'2012-10-01 18:22:02',NULL,0),(224,-1,'2012-08-15 18:22:03',28,5,61,2069,NULL,6,NULL,'2012-10-01 18:22:03',NULL,0),(225,1,'2012-08-15 18:22:03',28,3,61,2069,NULL,2,NULL,'2012-10-01 18:22:03',NULL,0),(226,-1,'2012-08-25 18:22:05',6,3,61,2071,NULL,2,18,'2012-10-01 18:22:05',NULL,0),(227,0,'2012-08-30 18:22:06',6,3,61,2072,NULL,1,18,'2012-10-01 18:22:06',NULL,0),(228,0,'2012-09-02 18:22:07',28,5,61,2073,NULL,1,18,'2012-10-01 18:22:07',NULL,0),(229,1,'2012-08-12 18:22:08',28,5,62,2074,NULL,2,NULL,'2012-10-01 18:22:08',NULL,0),(230,-1,'2012-08-20 18:22:09',6,10,62,2075,NULL,6,NULL,'2012-10-01 18:22:09',NULL,0),(231,1,'2012-08-20 18:22:09',6,3,62,2075,NULL,1,NULL,'2012-10-01 18:22:09',NULL,0),(232,-1,'2012-08-15 18:22:09',28,5,62,2076,NULL,6,NULL,'2012-10-01 18:22:09',NULL,0),(233,1,'2012-08-15 18:22:09',28,10,62,2076,NULL,2,NULL,'2012-10-01 18:22:09',NULL,0),(234,-1,'2012-08-25 18:22:11',6,3,62,2078,NULL,2,19,'2012-10-01 18:22:11',NULL,0),(235,0,'2012-08-30 18:22:12',6,3,62,2079,NULL,1,19,'2012-10-01 18:22:12',NULL,0),(236,0,'2012-09-02 18:22:13',28,5,62,2080,NULL,1,19,'2012-10-01 18:22:13',NULL,0),(237,1,'2012-08-12 18:22:14',28,5,63,2081,NULL,2,NULL,'2012-10-01 18:22:14',NULL,0),(238,-1,'2012-08-15 18:22:15',28,5,63,2082,NULL,6,NULL,'2012-10-01 18:22:15',NULL,0),(239,1,'2012-08-15 18:22:15',28,10,63,2082,NULL,2,NULL,'2012-10-01 18:22:15',NULL,0),(240,-1,'2012-08-25 18:22:17',55,3,63,2084,NULL,2,20,'2012-10-01 18:22:19',NULL,0),(241,0,'2012-08-30 18:22:17',6,3,63,2085,NULL,1,20,'2012-10-01 18:22:17',NULL,0),(242,0,'2012-09-02 18:22:18',28,5,63,2086,NULL,1,20,'2012-10-01 18:22:18',NULL,0),(243,-1,'2012-08-20 18:22:19',6,10,63,2087,NULL,6,NULL,'2012-10-01 18:22:19',NULL,0),(244,1,'2012-08-20 18:22:19',6,3,63,2087,NULL,1,NULL,'2012-10-01 18:22:19',NULL,0),(245,1,'2012-08-12 18:22:20',28,5,64,2088,NULL,2,NULL,'2012-10-01 18:22:20',NULL,0),(246,-1,'2012-08-15 18:22:20',28,5,64,2089,NULL,6,NULL,'2012-10-01 18:22:20',NULL,0),(247,1,'2012-08-15 18:22:20',28,10,64,2089,NULL,2,NULL,'2012-10-01 18:22:20',NULL,0),(248,-1,'2012-08-25 18:22:22',55,3,64,2091,NULL,2,21,'2012-10-01 18:22:22',NULL,0),(249,-1,'2012-08-20 18:22:22',6,10,64,2092,NULL,6,NULL,'2012-10-01 18:22:22',NULL,0),(250,1,'2012-08-20 18:22:22',6,3,64,2092,NULL,1,NULL,'2012-10-01 18:22:22',NULL,0),(251,0,'2012-08-30 18:22:23',6,3,64,2093,NULL,1,21,'2012-10-01 18:22:23',NULL,0),(252,0,'2012-09-02 18:22:24',28,5,64,2094,NULL,1,21,'2012-10-01 18:22:24',NULL,0),(253,1,'2012-08-12 18:22:26',28,5,65,2095,NULL,2,NULL,'2012-10-01 18:22:26',NULL,0),(254,-1,'2012-08-15 18:22:26',28,5,65,2096,NULL,6,NULL,'2012-10-01 18:22:27',NULL,0),(255,1,'2012-08-15 18:22:26',28,3,65,2096,NULL,2,NULL,'2012-10-01 18:22:27',NULL,0),(256,-1,'2012-08-30 18:22:27',55,3,65,2097,NULL,6,NULL,'2012-10-01 18:22:27',NULL,0),(257,1,'2012-08-30 18:22:27',55,10,65,2097,NULL,1,NULL,'2012-10-01 18:22:27',NULL,0),(258,0,'2012-08-20 18:22:30',6,3,65,2100,NULL,1,NULL,'2012-10-01 18:22:30',NULL,0),(259,1,'2012-08-12 18:22:31',28,5,66,2101,NULL,2,NULL,'2012-10-01 18:22:31',NULL,0),(260,-1,'2012-08-15 18:22:32',28,5,66,2102,NULL,6,NULL,'2012-10-01 18:22:32',NULL,0),(261,1,'2012-08-15 18:22:32',28,3,66,2102,NULL,2,NULL,'2012-10-01 18:22:32',NULL,0),(262,-1,'2012-08-30 18:22:33',55,3,66,2103,NULL,6,NULL,'2012-10-01 18:22:33',NULL,0),(263,1,'2012-08-30 18:22:33',55,10,66,2103,NULL,1,NULL,'2012-10-01 18:22:33',NULL,0),(264,-1,'2012-09-02 18:22:35',55,10,66,2105,NULL,2,23,'2012-10-01 18:22:35',NULL,0),(265,0,'2012-08-20 18:22:36',6,3,66,2106,NULL,1,NULL,'2012-10-01 18:22:36',NULL,0),(266,1,'2012-08-12 18:33:20',28,5,67,2107,NULL,2,NULL,'2012-10-01 18:33:20',NULL,0),(267,-1,'2012-08-15 18:33:21',28,5,67,2108,NULL,6,NULL,'2012-10-01 18:33:21',NULL,0),(268,1,'2012-08-15 18:33:21',28,3,67,2108,NULL,2,NULL,'2012-10-01 18:33:21',NULL,0),(269,0,'2012-08-25 18:33:22',6,3,67,2109,NULL,1,NULL,'2012-10-01 18:33:22',NULL,0),(270,-1,'2012-08-30 18:33:22',55,3,67,2110,NULL,6,NULL,'2012-10-01 18:33:26',NULL,0),(271,1,'2012-08-30 18:33:22',55,10,67,2110,NULL,1,NULL,'2012-10-01 18:33:22',NULL,0),(272,-1,'2012-09-02 18:33:24',55,10,67,2112,NULL,2,24,'2012-10-01 18:33:24',NULL,0),(273,-1,'2012-08-20 18:33:24',6,3,67,2113,NULL,6,NULL,'2012-10-01 18:33:24',NULL,0),(274,1,'2012-08-20 18:33:24',6,10,67,2113,NULL,2,NULL,'2012-10-01 18:33:24',NULL,0),(275,-1,'2012-08-20 18:33:26',6,10,67,2114,NULL,6,NULL,'2012-10-01 18:33:26',NULL,0),(276,1,'2012-08-20 18:33:26',6,3,67,2114,NULL,1,NULL,'2012-10-01 18:33:26',NULL,0),(277,0,'2012-09-05 18:33:27',6,3,67,2115,NULL,1,24,'2012-10-01 18:33:27',NULL,0),(278,1,'2012-08-12 18:33:28',28,5,68,2116,NULL,2,NULL,'2012-10-01 18:33:28',NULL,0),(279,-1,'2012-08-15 18:33:28',28,5,68,2117,NULL,6,NULL,'2012-10-01 18:33:28',NULL,0),(280,1,'2012-08-15 18:33:28',28,3,68,2117,NULL,2,NULL,'2012-10-01 18:33:28',NULL,0),(281,0,'2012-08-25 18:33:29',6,3,68,2118,NULL,1,NULL,'2012-10-01 18:33:29',NULL,0),(282,-1,'2012-08-30 18:33:30',55,3,68,2119,NULL,6,NULL,'2012-10-01 18:33:30',NULL,0),(283,1,'2012-08-30 18:33:30',55,10,68,2119,NULL,1,NULL,'2012-10-01 18:33:30',NULL,0),(284,-1,'2012-09-02 18:33:32',55,10,68,2121,NULL,2,25,'2012-10-01 18:33:32',NULL,0),(285,0,'2012-08-20 18:33:32',6,3,68,2122,NULL,2,NULL,'2012-10-01 18:33:32',NULL,0),(286,0,'2012-08-20 18:33:34',6,3,68,2123,NULL,1,NULL,'2012-10-01 18:33:34',NULL,0),(287,0,'2012-09-05 18:33:35',6,3,68,2124,NULL,1,25,'2012-10-01 18:33:35',NULL,0),(288,1,'2012-08-12 18:33:36',28,5,69,2125,NULL,2,NULL,'2012-10-01 18:33:36',NULL,0),(289,-1,'2012-08-15 18:33:36',28,5,69,2126,NULL,6,NULL,'2012-10-01 18:33:36',NULL,0),(290,1,'2012-08-15 18:33:36',28,3,69,2126,NULL,2,NULL,'2012-10-01 18:33:36',NULL,0),(291,0,'2012-08-25 18:33:37',6,3,69,2127,NULL,1,NULL,'2012-10-01 18:33:37',NULL,0),(292,-1,'2012-08-30 18:33:38',55,3,69,2128,NULL,6,NULL,'2012-10-01 18:33:38',NULL,0),(293,1,'2012-08-30 18:33:38',55,10,69,2128,NULL,1,NULL,'2012-10-01 18:33:38',NULL,0),(294,-1,'2012-09-02 18:33:39',55,10,69,2130,NULL,2,26,'2012-10-01 18:33:39',NULL,0),(295,0,'2012-09-05 18:33:40',6,3,69,2131,NULL,1,26,'2012-10-01 18:33:40',NULL,0),(296,0,'2012-09-10 18:33:40',6,3,69,2132,NULL,1,26,'2012-10-01 18:33:40',NULL,0),(297,1,'2012-08-12 18:33:42',28,5,70,2134,NULL,2,NULL,'2012-10-01 18:33:42',NULL,0),(298,-1,'2012-08-15 18:33:43',28,5,70,2135,NULL,6,NULL,'2012-10-01 18:33:43',NULL,0),(299,1,'2012-08-15 18:33:43',28,3,70,2135,NULL,2,NULL,'2012-10-01 18:33:43',NULL,0),(300,0,'2012-08-25 18:33:44',6,3,70,2136,NULL,1,NULL,'2012-10-01 18:33:44',NULL,0),(301,-1,'2012-08-30 18:33:44',55,3,70,2137,NULL,6,NULL,'2012-10-01 18:33:44',NULL,0),(302,1,'2012-08-30 18:33:44',55,10,70,2137,NULL,1,NULL,'2012-10-01 18:33:44',NULL,0),(303,-1,'2012-09-05 18:33:45',6,10,70,2138,NULL,6,NULL,'2012-10-01 18:33:45',NULL,0),(304,1,'2012-09-05 18:33:45',6,3,70,2138,NULL,1,NULL,'2012-10-01 18:33:45',NULL,0),(305,0,'2012-09-10 18:33:46',6,3,70,2139,NULL,1,NULL,'2012-10-01 18:33:46',NULL,0),(306,0,'2012-09-15 18:33:46',6,3,70,2140,NULL,2,NULL,'2012-10-01 18:33:47',NULL,0),(307,1,'2012-08-12 18:33:47',28,5,71,2141,NULL,2,NULL,'2012-10-01 18:33:47',NULL,0),(308,-1,'2012-08-15 18:33:48',28,5,71,2142,NULL,6,NULL,'2012-10-01 18:33:48',NULL,0),(309,1,'2012-08-15 18:33:48',28,3,71,2142,NULL,2,NULL,'2012-10-01 18:33:48',NULL,0),(310,0,'2012-08-25 18:33:49',6,3,71,2143,NULL,1,NULL,'2012-10-01 18:33:49',NULL,0),(311,0,'2012-08-20 18:33:49',6,3,71,2144,NULL,2,NULL,'2012-10-01 18:33:49',NULL,0),(312,-1,'2012-08-30 18:33:50',55,3,71,2145,NULL,6,NULL,'2012-10-01 18:33:50',NULL,0),(313,1,'2012-08-30 18:33:50',55,10,71,2145,NULL,1,NULL,'2012-10-01 18:33:50',NULL,0),(314,-1,'2012-09-02 18:33:51',55,10,71,2147,NULL,2,27,'2012-10-01 18:33:51',NULL,0),(315,0,'2012-09-05 18:33:52',6,3,71,2148,NULL,1,27,'2012-10-01 18:33:52',NULL,0),(316,0,'2012-09-10 18:33:53',6,3,71,2149,NULL,1,27,'2012-10-01 18:33:53',NULL,0),(317,1,'2012-08-12 18:33:54',28,5,72,2150,NULL,2,NULL,'2012-10-01 18:33:54',NULL,0),(318,-1,'2012-08-25 18:33:55',6,0,72,2151,NULL,6,NULL,'2012-10-01 18:33:59',NULL,0),(319,1,'2012-08-25 18:33:55',6,3,72,2151,NULL,2,NULL,'2012-10-01 18:33:55',NULL,0),(320,-1,'2012-08-30 18:33:56',28,3,72,2152,NULL,6,NULL,'2012-10-01 18:33:56',NULL,0),(321,1,'2012-08-30 18:33:56',28,5,72,2152,NULL,1,NULL,'2012-10-01 18:33:56',NULL,0),(322,-1,'2012-09-05 18:33:56',55,5,72,2153,NULL,6,NULL,'2012-10-01 18:33:56',NULL,0),(323,1,'2012-09-05 18:33:56',55,10,72,2153,NULL,1,NULL,'2012-10-01 18:33:56',NULL,0),(324,-1,'2012-09-10 18:33:57',6,10,72,2154,NULL,6,NULL,'2012-10-01 18:33:57',NULL,0),(325,1,'2012-09-10 18:33:57',6,3,72,2154,NULL,1,NULL,'2012-10-01 18:33:57',NULL,0),(326,-1,'2012-09-15 18:33:58',55,3,72,2155,NULL,6,NULL,'2012-10-01 18:33:58',NULL,0),(327,1,'2012-09-15 18:33:58',55,10,72,2155,NULL,1,NULL,'2012-10-01 18:33:58',NULL,0),(328,-1,'2012-08-20 18:33:59',28,5,72,2157,NULL,2,28,'2012-10-01 18:33:59',NULL,0),(329,1,'2012-08-12 18:34:00',28,5,73,2158,NULL,2,NULL,'2012-10-01 18:34:00',NULL,0),(330,-1,'2012-08-25 18:34:00',55,0,73,2159,NULL,6,NULL,'2012-10-01 18:34:05',NULL,0),(331,1,'2012-08-25 18:34:00',55,10,73,2159,NULL,2,NULL,'2012-10-01 18:34:01',NULL,0),(332,0,'2012-08-30 18:34:01',55,10,73,2160,NULL,1,NULL,'2012-10-01 18:34:01',NULL,0),(333,0,'2012-09-05 18:34:02',55,10,73,2161,NULL,1,NULL,'2012-10-01 18:34:02',NULL,0),(334,-1,'2012-09-10 18:34:03',6,10,73,2162,NULL,6,NULL,'2012-10-01 18:34:03',NULL,0),(335,1,'2012-09-10 18:34:03',6,3,73,2162,NULL,1,NULL,'2012-10-01 18:34:03',NULL,0),(336,-1,'2012-09-15 18:34:04',55,3,73,2163,NULL,6,NULL,'2012-10-01 18:34:04',NULL,0),(337,1,'2012-09-15 18:34:04',55,10,73,2163,NULL,1,NULL,'2012-10-01 18:34:04',NULL,0),(338,-1,'2012-08-20 18:34:05',28,5,73,2165,NULL,2,29,'2012-10-01 18:34:05',NULL,0);
/*!40000 ALTER TABLE `stats` ENABLE KEYS */;
UNLOCK TABLES;

--
-- Table structure for table `statuses`
--

DROP TABLE IF EXISTS `statuses`;
/*!40101 SET @saved_cs_client     = @@character_set_client */;
/*!40101 SET character_set_client = utf8 */;
CREATE TABLE `statuses` (
  `id` int(11) NOT NULL AUTO_INCREMENT,
  `name` varchar(35) DEFAULT NULL,
  PRIMARY KEY (`id`)
) ENGINE=InnoDB AUTO_INCREMENT=7 DEFAULT CHARSET=latin1;
/*!40101 SET character_set_client = @saved_cs_client */;

--
-- Dumping data for table `statuses`
--

LOCK TABLES `statuses` WRITE;
/*!40000 ALTER TABLE `statuses` DISABLE KEYS */;
INSERT INTO `statuses` VALUES (1,'Receive'),(2,'Assign'),(3,'Discard'),(4,'Return'),(5,'Destroy'),(6,'System Adjustment');
/*!40000 ALTER TABLE `statuses` ENABLE KEYS */;
UNLOCK TABLES;

--
-- Table structure for table `tracks`
--

DROP TABLE IF EXISTS `tracks`;
/*!40101 SET @saved_cs_client     = @@character_set_client */;
/*!40101 SET character_set_client = utf8 */;
CREATE TABLE `tracks` (
  `id` int(11) NOT NULL AUTO_INCREMENT,
  `kit_id` int(11) DEFAULT NULL,
  `location_id` int(11) DEFAULT NULL,
  `patient_id` int(11) DEFAULT NULL,
  `status_id` int(11) DEFAULT NULL,
  `created` datetime DEFAULT NULL,
  `modified` datetime DEFAULT NULL,
  `rawreport_id` int(11) DEFAULT NULL,
  `phone_id` int(11) DEFAULT NULL,
  `parent_location_id` int(11) DEFAULT NULL,
  PRIMARY KEY (`id`)
) ENGINE=InnoDB AUTO_INCREMENT=149 DEFAULT CHARSET=latin1;
/*!40101 SET character_set_client = @saved_cs_client */;

--
-- Dumping data for table `tracks`
--

LOCK TABLES `tracks` WRITE;
/*!40000 ALTER TABLE `tracks` DISABLE KEYS */;
INSERT INTO `tracks` VALUES (137,52,9,NULL,2,'2011-06-29 12:23:17','2011-06-29 12:41:38',3895,NULL,3),(138,52,9,NULL,1,'2011-06-29 12:42:13','2011-06-29 12:42:13',3896,NULL,3),(144,52,1,NULL,2,'2011-06-29 14:05:40','2011-06-29 14:05:40',3902,NULL,9),(145,52,1,NULL,1,'2011-06-29 14:06:15','2011-06-29 14:06:15',3903,NULL,9),(146,52,NULL,1,2,'2011-06-29 14:06:27','2011-06-29 14:06:27',3904,NULL,1),(147,52,9,1,4,'2011-06-29 14:06:40','2011-06-29 14:06:40',3905,NULL,NULL),(148,53,NULL,NULL,2,'2011-06-29 14:21:35','2011-06-29 14:21:35',3906,NULL,5);
/*!40000 ALTER TABLE `tracks` ENABLE KEYS */;
UNLOCK TABLES;

--
-- Table structure for table `treatments`
--

DROP TABLE IF EXISTS `treatments`;
/*!40101 SET @saved_cs_client     = @@character_set_client */;
/*!40101 SET character_set_client = utf8 */;
CREATE TABLE `treatments` (
  `id` int(11) NOT NULL AUTO_INCREMENT,
  `code` varchar(4) NOT NULL,
  `units` int(2) NOT NULL,
  `description` varchar(256) DEFAULT NULL,
  PRIMARY KEY (`id`)
) ENGINE=InnoDB AUTO_INCREMENT=20 DEFAULT CHARSET=latin1;
/*!40101 SET character_set_client = @saved_cs_client */;

--
-- Dumping data for table `treatments`
--

LOCK TABLES `treatments` WRITE;
/*!40000 ALTER TABLE `treatments` DISABLE KEYS */;
INSERT INTO `treatments` VALUES (1,'ABSC',5,NULL),(4,'LOPP',7,NULL),(10,'ZZZZ',2,NULL),(12,'DERT',51,NULL),(18,'DERT',8,NULL),(19,'ABCD',3,'');
/*!40000 ALTER TABLE `treatments` ENABLE KEYS */;
UNLOCK TABLES;

--
-- Table structure for table `units`
--

DROP TABLE IF EXISTS `units`;
/*!40101 SET @saved_cs_client     = @@character_set_client */;
/*!40101 SET character_set_client = utf8 */;
CREATE TABLE `units` (
  `id` int(11) NOT NULL AUTO_INCREMENT,
  `code` varchar(12) DEFAULT NULL,
  `batch_id` int(11) DEFAULT NULL,
  `comment` varchar(255) DEFAULT NULL,
  `deleted_date` datetime DEFAULT NULL,
  `deleted` int(1) DEFAULT '0',
  PRIMARY KEY (`id`)
) ENGINE=InnoDB AUTO_INCREMENT=74 DEFAULT CHARSET=latin1;
/*!40101 SET character_set_client = @saved_cs_client */;

--
-- Dumping data for table `units`
--

LOCK TABLES `units` WRITE;
/*!40000 ALTER TABLE `units` DISABLE KEYS */;
INSERT INTO `units` VALUES (55,'1004',NULL,NULL,NULL,0),(56,'6500',NULL,NULL,NULL,0),(57,'6511',NULL,NULL,NULL,0),(58,'6515',NULL,NULL,NULL,0),(59,'6525',NULL,NULL,NULL,0),(60,'6526',NULL,NULL,NULL,0),(61,'6527',NULL,NULL,NULL,0),(62,'6528',NULL,NULL,NULL,0),(63,'6529',NULL,NULL,NULL,0),(64,'6530',NULL,NULL,NULL,0),(65,'6531',NULL,NULL,NULL,0),(66,'6532',NULL,NULL,NULL,0),(67,'1005',NULL,NULL,NULL,0),(68,'1006',NULL,NULL,NULL,0),(69,'1007',NULL,NULL,NULL,0),(70,'1008',NULL,NULL,NULL,0),(71,'1009',NULL,NULL,NULL,0),(72,'1010',NULL,NULL,NULL,0),(73,'1011',NULL,NULL,NULL,0);
/*!40000 ALTER TABLE `units` ENABLE KEYS */;
UNLOCK TABLES;

--
-- Table structure for table `units_items`
--

DROP TABLE IF EXISTS `units_items`;
/*!40101 SET @saved_cs_client     = @@character_set_client */;
/*!40101 SET character_set_client = utf8 */;
CREATE TABLE `units_items` (
  `id` int(11) NOT NULL AUTO_INCREMENT,
  `unit_id` int(11) DEFAULT NULL,
  `item_id` int(11) DEFAULT NULL,
  PRIMARY KEY (`id`)
) ENGINE=InnoDB AUTO_INCREMENT=83 DEFAULT CHARSET=latin1;
/*!40101 SET character_set_client = @saved_cs_client */;

--
-- Dumping data for table `units_items`
--

LOCK TABLES `units_items` WRITE;
/*!40000 ALTER TABLE `units_items` DISABLE KEYS */;
INSERT INTO `units_items` VALUES (64,55,1),(65,56,1),(66,57,1),(67,58,1),(68,59,1),(69,60,1),(70,61,1),(71,62,1),(72,63,1),(73,64,1),(74,65,1),(75,66,1),(76,67,1),(77,68,1),(78,69,1),(79,70,1),(80,71,1),(81,72,1),(82,73,1);
/*!40000 ALTER TABLE `units_items` ENABLE KEYS */;
UNLOCK TABLES;

--
-- Table structure for table `user_roles`
--

DROP TABLE IF EXISTS `user_roles`;
/*!40101 SET @saved_cs_client     = @@character_set_client */;
/*!40101 SET character_set_client = utf8 */;
CREATE TABLE `user_roles` (
  `id` int(11) NOT NULL AUTO_INCREMENT,
  `user_id` int(10) unsigned NOT NULL,
  `role_id` int(10) unsigned NOT NULL,
  PRIMARY KEY (`id`)
) ENGINE=InnoDB AUTO_INCREMENT=2 DEFAULT CHARSET=latin1;
/*!40101 SET character_set_client = @saved_cs_client */;

--
-- Dumping data for table `user_roles`
--

LOCK TABLES `user_roles` WRITE;
/*!40000 ALTER TABLE `user_roles` DISABLE KEYS */;
INSERT INTO `user_roles` VALUES (1,2,1);
/*!40000 ALTER TABLE `user_roles` ENABLE KEYS */;
UNLOCK TABLES;

--
-- Table structure for table `users`
--

DROP TABLE IF EXISTS `users`;
/*!40101 SET @saved_cs_client     = @@character_set_client */;
/*!40101 SET character_set_client = utf8 */;
CREATE TABLE `users` (
  `id` int(11) NOT NULL AUTO_INCREMENT,
  `name` varchar(45) DEFAULT NULL,
  `username` varchar(255) NOT NULL,
  `password` char(40) NOT NULL,
  `role_id` int(11) DEFAULT NULL,
  `created` datetime DEFAULT NULL,
  `modified` datetime DEFAULT NULL,
  `reach` int(11) DEFAULT NULL,
  `phone_id` int(11) DEFAULT NULL,
  `location_id` int(11) DEFAULT NULL,
  `active` int(1) DEFAULT '1',
  PRIMARY KEY (`id`),
  UNIQUE KEY `username` (`username`)
) ENGINE=InnoDB AUTO_INCREMENT=11 DEFAULT CHARSET=latin1;
/*!40101 SET character_set_client = @saved_cs_client */;

--
-- Dumping data for table `users`
--

LOCK TABLES `users` WRITE;
/*!40000 ALTER TABLE `users` DISABLE KEYS */;
INSERT INTO `users` VALUES (1,'Administrator','admin','8db57f058f3daac554698a07b8eaf8df1e1d319b',1,'2010-08-29 23:11:29','2012-06-01 11:30:50',4,NULL,3,1),(2,'Moderator','moderator','972b31ee3bed7b8b8f965bbc967dcc4a4d8b67b5',2,'2010-08-29 23:11:44','2011-09-28 08:35:44',0,NULL,6,1),(4,'Pablo A. Destfanis','pablo','f4d7601f15ced1f5a7c75c43e3e348da0101fd30',2,'2010-08-30 18:02:15','2012-05-31 09:56:15',0,NULL,1,1),(6,'Pablo A. Destfanis','pdestefanis','f4d7601f15ced1f5a7c75c43e3e348da0101fd30',2,'2010-09-16 09:59:10','2012-05-31 09:56:35',0,NULL,1,1),(7,'User name ','user','6a694882e95141fab40d4170356884698ceb88b6',3,'2011-07-04 08:45:10','2011-10-05 11:24:18',0,NULL,11,1),(9,'Diglio Simoni','dsimoni','c05d437bece8c7c84f2a547406cc2a2a9a98cbc2',2,'2012-03-22 17:06:05','2012-03-22 17:06:22',4,NULL,1,1),(10,'Caleb Bell','caleb','575da4ed18e9751a6ceff9a527499c9efd54008a',2,'2012-04-10 11:33:17','2012-04-10 11:33:17',4,45,1,1);
/*!40000 ALTER TABLE `users` ENABLE KEYS */;
UNLOCK TABLES;
/*!40103 SET TIME_ZONE=@OLD_TIME_ZONE */;

/*!40101 SET SQL_MODE=@OLD_SQL_MODE */;
/*!40014 SET FOREIGN_KEY_CHECKS=@OLD_FOREIGN_KEY_CHECKS */;
/*!40014 SET UNIQUE_CHECKS=@OLD_UNIQUE_CHECKS */;
/*!40101 SET CHARACTER_SET_CLIENT=@OLD_CHARACTER_SET_CLIENT */;
/*!40101 SET CHARACTER_SET_RESULTS=@OLD_CHARACTER_SET_RESULTS */;
/*!40101 SET COLLATION_CONNECTION=@OLD_COLLATION_CONNECTION */;
/*!40111 SET SQL_NOTES=@OLD_SQL_NOTES */;

-- Dump completed on 2012-10-02 19:25:10
